ID,Tweet,Cleaned_Tweet,Replies,Retweets,Likes,Bookmarks,Views,Username,PostDate,Timestamp,Hashtags,Category
1813777320853028866,ลุยลีกรอง! ?????? ย้ายซบ เกษตรศาสตร์ เอฟซี #ChangsuekTransferNews #อดิศักดิ์ ไกรษร กองหน้าดีกรีทีมชาติไทย เปิดตัวร่วมทัพ #เกษตรศาสตร์ เอฟซี อย่างเป็นทางการ เตรียมลุยศึก ไทยลีก 2 ฤดูกาล 2024/25 ภายหลังหมดสัญญากับ ทรู แบงค็อก ยูไนเต็ด #ช้างศึก #ทีมชาติไทย #ThaiLeague2,ลุยลีกรอง! ?????? ย้ายซบ เกษตรศาสตร์ เอฟซี   ไกรษร กองหน้าดีกรีทีมชาติไทย เปิดตัวร่วมทัพ  เอฟซี อย่างเป็นทางการ เตรียมลุยศึก ไทยลีก 2 ฤดูกาล 2024/25 ภายหลังหมดสัญญากับ ทรู แบงค็อก ยูไนเต็ด,2,11,25,0,2369,Changsuek_TH,2024-07-18 03:26:26,2024-11-29 01:24:19,"['ChangsuekTransferNews', 'อดิศักดิ์', 'เกษตรศาสตร์', 'ช้างศึก', 'ทีมชาติไทย', 'ThaiLeague2']",เกษตรศาสตร์
1829428982452007077,"ม.เกษตรศาสตร์ ปล่อยปฏิทิน TCAS68 ของ บางเขน, สุพรรณบุรี, การชลประทาน . . อ่านต่อบทความฉบับเต็ม ที่ https://thestudy-th.com/blog/7519/tcas-ku30867 . #TCAS #TCAS68 #เกษตรศาสตร์ #KU #thestudy","ม.เกษตรศาสตร์ ปล่อยปฏิทิน TCAS68 ของ บางเขน, สุพรรณบุรี, การชลประทาน . . อ่านต่อบทความฉบับเต็ม ที่ https://thestudy-th.com/blog/7519/tcas-ku30867 .",0,0,0,0,65,TheStudyTH_X,2024-08-30 08:00:33,2024-11-29 01:24:19,"['TCAS', 'TCAS68', 'เกษตรศาสตร์', 'KU', 'thestudy']",เกษตรศาสตร์
1831222057314517113,ม.เกษตรศาสตร์ ประกาศ กำหนดการรับสมัครผ่าน #TCAS68 . อ่านที่ : https://eduzones.com/2024/09/02/ku-tacs68/ #KU #dek68 #เกษตรศาสตร์,ม.เกษตรศาสตร์ ประกาศ กำหนดการรับสมัครผ่าน  . อ่านที่ : https://eduzones.com/2024/09/02/ku-tacs68/,0,0,0,1,452,eduzones,2024-09-04 06:45:35,2024-11-29 01:24:19,"['TCAS68', 'KU', 'dek68', 'เกษตรศาสตร์']",เกษตรศาสตร์
1706623376301896183,'แพทยสภา' รับรองแล้ว! หลักสูตร 'แพทยศาสตร์ ม.เกษตรฯ' พร้อมเปิดสอนปี 67 รองรับได้ 48 คน #แพทยศาสตร์ #เกษตรศาสตร์ #แพทยสภา https://thecoverage.info/news/content/5464,'แพทยสภา' รับรองแล้ว! หลักสูตร 'แพทยศาสตร์ ม.เกษตรฯ' พร้อมเปิดสอนปี 67 รองรับได้ 48 คน    https://thecoverage.info/news/content/5464,0,0,1,0,131,thecoverageinfo,2023-09-26 10:54:55,2024-11-29 01:24:19,"['แพทยศาสตร์', 'เกษตรศาสตร์', 'แพทยสภา']",เกษตรศาสตร์
1803330591196086429,"ภาพกิจกรรม The Power of KU D-1 พลังเด็กม. เกษตร 18 มิ.ย. 67 . The power of KU D-1 June 18, 2024 #เกษตรศาสตร์ #kasetsart #thepowerofku #ทีมมก #ku #freshy #ku84 #tcas67 #welcomeku84 #ยินดีต้อนรับ #ปฐมนิเทศ #เปิดเทอม #university","ภาพกิจกรรม The Power of KU D-1 พลังเด็กม. เกษตร 18 มิ.ย. 67 . The power of KU D-1 June 18, 2024",1,2,2,0,957,kasetsart_ku,2024-06-19 07:34:51,2024-11-29 01:24:19,"['เกษตรศาสตร์', 'kasetsart', 'thepowerofku', 'ทีมมก', 'ku', 'freshy', 'ku84', 'tcas67', 'welcomeku84', 'ยินดีต้อนรับ', 'ปฐมนิเทศ', 'เปิดเทอม', 'university']",เกษตรศาสตร์
1737125751772864562,พบกับหลักสุูตร วท.บ. สาขาอาหาร โภชนาการ และการกําหนดอาหาร (บูธ คณะเกษตร A11-14) ที่งาน KU Open House 2023 มหาวิทยาลัยเกษตรศาสตร์ บางเขน วันที่ 21-22 ธันวาคมนี้ #FNDKU #AGGIEKU #KU #kuopenhouse2023 #เกษตรศาสตร์ #เกษตรบางเขน #TCAS67 #TCAS68 #นักโภชนาการ #นักกําหนดอาหาร #dietitian,พบกับหลักสุูตร วท.บ. สาขาอาหาร โภชนาการ และการกําหนดอาหาร (บูธ คณะเกษตร A11-14) ที่งาน KU Open House 2023 มหาวิทยาลัยเกษตรศาสตร์ บางเขน วันที่ 21-22 ธันวาคมนี้,0,0,0,0,1078,piiisut,2023-12-19 15:00:28,2024-11-29 01:24:19,"['FNDKU', 'AGGIEKU', 'KU', 'kuopenhouse2023', 'เกษตรศาสตร์', 'เกษตรบางเขน', 'TCAS67', 'TCAS68', 'นักโภชนาการ', 'นักกําหนดอาหาร', 'dietitian']",เกษตรศาสตร์
1752188393537282214,Kaset X บางบัวร่วมใจพัฒนา (สะพานไม้2) X สส.แบงค์ ร่วมทำ CSR Workshop ระหว่างนักศึกษาปี1 คณะสถาปัตย์ ม. #เกษตรศาสตร์ (IPDI) กับ ชุมชนบางบัวร่วมใจพัฒนา #สะพานไม้2 #เขตหลักสี่ โดย เป้าหมายคือให้นิสิต สมาชิกชุมชน และเยาวชน แชร์ความรู้ และหาภาพจำให้ชุมชนจากผลิตภัณฑ์(ที่มีอยู่แล้ว),Kaset X บางบัวร่วมใจพัฒนา (สะพานไม้2) X สส.แบงค์ ร่วมทำ CSR Workshop ระหว่างนักศึกษาปี1 คณะสถาปัตย์ ม.  (IPDI) กับ ชุมชนบางบัวร่วมใจพัฒนา   โดย เป้าหมายคือให้นิสิต สมาชิกชุมชน และเยาวชน แชร์ความรู้ และหาภาพจำให้ชุมชนจากผลิตภัณฑ์(ที่มีอยู่แล้ว),14,473,1001,5,42210,BankSuphanatMin,2024-01-30 04:34:01,2024-11-29 01:24:19,"['เกษตรศาสตร์', 'สะพานไม้2', 'เขตหลักสี่']",เกษตรศาสตร์
1830093227380387874,เรียบแบบ สืบ นาคะเสถียร : คณะวนศาสตร์: เรียนเกี่ยวกับอะไร? เรียนที่ไหน? จบไปทำงานอะไรได้บ้าง? . อ่านต่อบทความฉบับเต็ม ที่ https://thestudy-th.com/blog/7532/pannwangan22 . #TCAS68 #dek68 #สืบนาคะเสถียร #วันสืบนาคะเสถียร #คณะวนศาสตร์ #มหาวิทยาลัยเกษตรศาสตร์ #เกษตรศาสตร์ #ku,เรียบแบบ สืบ นาคะเสถียร : คณะวนศาสตร์: เรียนเกี่ยวกับอะไร? เรียนที่ไหน? จบไปทำงานอะไรได้บ้าง? . อ่านต่อบทความฉบับเต็ม ที่ https://thestudy-th.com/blog/7532/pannwangan22 .,0,1,0,0,346,TheStudyTH_X,2024-09-01 04:00:01,2024-11-29 01:24:19,"['TCAS68', 'dek68', 'สืบนาคะเสถียร', 'วันสืบนาคะเสถียร', 'คณะวนศาสตร์', 'มหาวิทยาลัยเกษตรศาสตร์', 'เกษตรศาสตร์', 'ku']",เกษตรศาสตร์
1739282753215230395,เปิดใจ เมธินี แรง ศรัทธางานที่ทำ นำมาซึ่ง รางวัลบุคลากรดีเด่นปี66 :รายละเอียด https://komchadluek.net/news/education/566067 #บุคลากรดีเด่น #มหาวิทยาลัย #เกษตรศาสตร์,เปิดใจ เมธินี แรง ศรัทธางานที่ทำ นำมาซึ่ง รางวัลบุคลากรดีเด่นปี66 :รายละเอียด https://komchadluek.net/news/education/566067,1,0,2,0,819,Kom_chad_luek,2023-12-25 13:51:37,2024-11-29 01:24:19,"['บุคลากรดีเด่น', 'มหาวิทยาลัย', 'เกษตรศาสตร์']",เกษตรศาสตร์
1737249737257173400,ขอเชิญน้อง ๆ มัธยมศึกษาเข้าร่วมงาน นิทรรศการตลาดนัดหลักสูตรอุดมศึกษา โครงการเลือกแนวทางวางอนาคต ที่ ม.เกษตรศาสตร์ กับหลักสูตร วท.บ. สาขาอาหาร โภชนาการ และการกำหนดอาหาร #FNDKU #KU #kuopenhouse2023 #เกษตรศาสตร์ #TCAS67 #TCAS68 #นักโภชนาการ #นักกําหนดอาหาร #dietitian #Dietetics,ขอเชิญน้อง ๆ มัธยมศึกษาเข้าร่วมงาน นิทรรศการตลาดนัดหลักสูตรอุดมศึกษา โครงการเลือกแนวทางวางอนาคต ที่ ม.เกษตรศาสตร์ กับหลักสูตร วท.บ. สาขาอาหาร โภชนาการ และการกำหนดอาหาร,0,2,2,0,913,noinadekdee,2023-12-19 23:13:08,2024-11-29 01:24:19,"['FNDKU', 'KU', 'kuopenhouse2023', 'เกษตรศาสตร์', 'TCAS67', 'TCAS68', 'นักโภชนาการ', 'นักกําหนดอาหาร', 'dietitian', 'Dietetics']",เกษตรศาสตร์
1812000571953488243,คณะประมง มหาวิทยาลัยเกษตรศาสตร์ แนะ เมนูกู้แหล่งน้ำ ขนมจีนน้ำยาปลาหมอคางดำ #ปลาหมอคางดำ #ขนมจีนน้ำยาปลาหมอคางดำ #คณะประมง #เกษตรศาสตร์ #ไทยพับลิก้า #Thaipublica,คณะประมง มหาวิทยาลัยเกษตรศาสตร์ แนะ เมนูกู้แหล่งน้ำ ขนมจีนน้ำยาปลาหมอคางดำ,0,2,1,0,625,ThaiPublica,2024-07-13 05:46:16,2024-11-29 01:24:19,"['ปลาหมอคางดำ', 'ขนมจีนน้ำยาปลาหมอคางดำ', 'คณะประมง', 'เกษตรศาสตร์', 'ไทยพับลิก้า', 'Thaipublica']",เกษตรศาสตร์
1655436419555549185,คณะสัตวแพทย์ศาสตร์ มหาวิทยาลัยเกษตรศาสตร์ พร้อมต้อนรับน้องๆนิสิตใหม่เข้ามาเจอกันได้แล้วน้า เด็กๆเข้ากรุ๊ปไลน์ได้เลยนะคับบ #DEK66 #ทีมมก #สัตวแพทย์ #สัตวมก #เกษตรศาสตร์ #บางเขน #TCAS66,คณะสัตวแพทย์ศาสตร์ มหาวิทยาลัยเกษตรศาสตร์ พร้อมต้อนรับน้องๆนิสิตใหม่เข้ามาเจอกันได้แล้วน้า เด็กๆเข้ากรุ๊ปไลน์ได้เลยนะคับบ,0,8,7,1,7887,Welcomevetku,2023-05-08 04:56:13,2024-11-29 01:24:19,"['DEK66', 'ทีมมก', 'สัตวแพทย์', 'สัตวมก', 'เกษตรศาสตร์', 'บางเขน', 'TCAS66']",เกษตรศาสตร์
1798624900351135781,คณะเกษตรศาสตร์ vs คณะวนศาสตร์ ต่างกันยังไง มาดูกันเลย! . คณะเกษตรศาสตร์ เน้นเรียนเกี่ยวกับการเกษตร พืชประเภทต่าง ๆ ส่วนคณะวนศาสตร์ จะเรียนเกี่ยวกับป่าไม้และทรัพยากรธรรมชาติ . #TCASter #Dek68 #Dek69 #คณะเกษตรศาสตร์ #คณะเกษตร #คณะวนศาสตร์ #วนศาสตร์ #เกษตรศาสตร์ #กรมป่าไม้,คณะเกษตรศาสตร์ vs คณะวนศาสตร์ ต่างกันยังไง มาดูกันเลย! . คณะเกษตรศาสตร์ เน้นเรียนเกี่ยวกับการเกษตร พืชประเภทต่าง ๆ ส่วนคณะวนศาสตร์ จะเรียนเกี่ยวกับป่าไม้และทรัพยากรธรรมชาติ .,0,10,11,1,2876,TCASterApp,2024-06-06 07:56:07,2024-11-29 01:24:19,"['TCASter', 'Dek68', 'Dek69', 'คณะเกษตรศาสตร์', 'คณะเกษตร', 'คณะวนศาสตร์', 'วนศาสตร์', 'เกษตรศาสตร์', 'กรมป่าไม้']",เกษตรศาสตร์
1692169249002025375,คะแนน ???????? ใช้ยื่นที่ไหนได้บ้าง? The Planner รวบรวมมาไว้ให้ในโพสต์นี้แล้วค่ะ สมัคร #เรียนBMAT http://bit.ly/3AVZOt6 #ติวBNAT #เรียนไอเอลที่ไหนดี #กสพท #กสพท67 #cicm #มศว #จุฬา #ธรรมศาสตร์ #จุฬา #มหิดล #ทีมมศว #swu #DEK67 #DEK68 #TCAS #TCAS67 #เกษตรศาสตร์ #มข #มช,คะแนน ???????? ใช้ยื่นที่ไหนได้บ้าง? The Planner รวบรวมมาไว้ให้ในโพสต์นี้แล้วค่ะ สมัคร  http://bit.ly/3AVZOt6,0,1,0,2,1523,theplannertutor,2023-08-17 13:39:22,2024-11-29 01:24:19,"['เรียนBMAT', 'ติวBNAT', 'เรียนไอเอลที่ไหนดี', 'กสพท', 'กสพท67', 'cicm', 'มศว', 'จุฬา', 'ธรรมศาสตร์', 'จุฬา', 'มหิดล', 'ทีมมศว', 'swu', 'DEK67', 'DEK68', 'TCAS', 'TCAS67', 'เกษตรศาสตร์', 'มข', 'มช']",เกษตรศาสตร์
1657651670560698368,ถ้าเราอยากอยู่ห้องเดียวกับเพื่อนสามารถทำยังไงได้มั้งคะ พอดีทักไปถามม.แล้วเค้าบอกสุ่มอย่างเดียวเลยค่ะ แนะนำได้นะคะ #หอในนอก #ทีมมก #เกษตรบางเขน #เกษตรศาสตร์ ปี1ค่ะ,ถ้าเราอยากอยู่ห้องเดียวกับเพื่อนสามารถทำยังไงได้มั้งคะ พอดีทักไปถามม.แล้วเค้าบอกสุ่มอย่างเดียวเลยค่ะ แนะนำได้นะคะ     ปี1ค่ะ,1,0,0,0,450,bambysocute,2023-05-14 07:38:50,2024-11-29 01:24:19,"['หอในนอก', 'ทีมมก', 'เกษตรบางเขน', 'เกษตรศาสตร์']",เกษตรศาสตร์
1677017552424423430,ถ่ายไม่จำกัดจำนวน ช่วยหามุม/คิดท่า ปรับแสง/สีให้ทุกรูป Line : spypyiii โทร : 0971109027 #รับถ่ายภาพ #หาช่างภาพ #ถ่ายรูปรับปริญญา #ช่างภาพรับปริญญา #ถ่ายงานแต่ง #ช่างภาพ #ถ่ายนอกรอบ #ถ่ายรูปรับปริญญา #จุฬา #ธรรมศาสตร์ #abac #รามคำแหง #พระจอมเกล้า #มหิดล #swu #เกษตรศาสตร์,ถ่ายไม่จำกัดจำนวน ช่วยหามุม/คิดท่า ปรับแสง/สีให้ทุกรูป Line : spypyiii โทร : 0971109027,0,1,2,0,421,Spy1994P,2023-07-06 18:11:56,2024-11-29 01:24:19,"['รับถ่ายภาพ', 'หาช่างภาพ', 'ถ่ายรูปรับปริญญา', 'ช่างภาพรับปริญญา', 'ถ่ายงานแต่ง', 'ช่างภาพ', 'ถ่ายนอกรอบ', 'ถ่ายรูปรับปริญญา', 'จุฬา', 'ธรรมศาสตร์', 'abac', 'รามคำแหง', 'พระจอมเกล้า', 'มหิดล', 'swu', 'เกษตรศาสตร์']",เกษตรศาสตร์
1725822366566207556,เกิดเหตุเพลิงไหม้ ใน ม.เกษตรศาสตร์ บางเขน ระดมกำลังดับทัน รอตรวจสาเหตุต่อ https://komchadluek.net/news/crime/563628 #ไฟไหม้ #เกษตรศาสตร์ #บางเขน #ข่าว #คมชัดลึก,เกิดเหตุเพลิงไหม้ ใน ม.เกษตรศาสตร์ บางเขน ระดมกำลังดับทัน รอตรวจสาเหตุต่อ https://komchadluek.net/news/crime/563628,0,1,0,0,748,ERnewsroom,2023-11-18 10:24:51,2024-11-29 01:24:19,"['ไฟไหม้', 'เกษตรศาสตร์', 'บางเขน', 'ข่าว', 'คมชัดลึก']",เกษตรศาสตร์
1813966182757921110,เชิญรับชมรับฟังและร่วมการเสวนาทางวิชาการ เรื่อง จบปัญหาการรุกรานแหล่งน้ำไทย จากปลาหมอคางดำ 19 ก.ค.67 เวลา 9.30  12.00 น.ผ่านเครือข่ายวิทยุ ม.ก. 4 ภูมิภาค อ่านต่อ https://facebook.com/share/p/Zn2LLUgzKaVQANvn/?mibextid=oFDknk #กรมประมง #ปลาหมอสีคางดำ #วิทยุมก #เกษตรศาสตร์ #เกษตรกลางบางเขน #kuradionetwork,เชิญรับชมรับฟังและร่วมการเสวนาทางวิชาการ เรื่อง จบปัญหาการรุกรานแหล่งน้ำไทย จากปลาหมอคางดำ 19 ก.ค.67 เวลา 9.30  12.00 น.ผ่านเครือข่ายวิทยุ ม.ก. 4 ภูมิภาค อ่านต่อ https://facebook.com/share/p/Zn2LLUgzKaVQANvn/?mibextid=oFDknk,0,1,2,0,291,KuSongkhla,2024-07-18 15:56:54,2024-11-29 01:24:19,"['กรมประมง', 'ปลาหมอสีคางดำ', 'วิทยุมก', 'เกษตรศาสตร์', 'เกษตรกลางบางเขน', 'kuradionetwork']",เกษตรศาสตร์
1803959975804572049,มช.ทูลเกล้าฯ ถวายปริญญาดุษฎีบัณฑิตกิตติมศักดิ์แด่กษัตริย์ภูฏาน อ่านข่าวเพิ่ม : https://thaipbs.or.th/news/content/341243 #สมเด็จพระราชาธิบดีจิกมีเคเซอร์นัมเกลวังชุก #มหาวิทยาลัยเชียงใหม่ #ปริญญาดุษฎีบัณฑิตกิตติมศักดิ์สาขาเกษตรศาสตร์ #กษัตริย์ภูฏาน #มช #เกษตรศาสตร์ #RoyalProjectofBhutan,มช.ทูลเกล้าฯ ถวายปริญญาดุษฎีบัณฑิตกิตติมศักดิ์แด่กษัตริย์ภูฏาน อ่านข่าวเพิ่ม : https://thaipbs.or.th/news/content/341243,0,0,5,0,1109,ThaiPBSNews,2024-06-21 01:15:48,2024-11-29 01:24:19,"['สมเด็จพระราชาธิบดีจิกมีเคเซอร์นัมเกลวังชุก', 'มหาวิทยาลัยเชียงใหม่', 'ปริญญาดุษฎีบัณฑิตกิตติมศักดิ์สาขาเกษตรศาสตร์', 'กษัตริย์ภูฏาน', 'มช', 'เกษตรศาสตร์', 'RoyalProjectofBhutan']",เกษตรศาสตร์
1691777404833009925,แอดไลน์ http://bit.ly/3AVZOt6 แอดไลน์ตอนนี้ กดรับฟรีทันที!! Universities Guide Book ที่รวบรวม Requirement หลักสูตรอินเตอร์ขวัญใจเด็ก GEN Z เอาไว้ #DEK67 #TCAS #จุฬา #มหิดล #มข #มช #เกษตรศาสตร์ #tcas67 #ธรรมศาสตร์ #MUIC #ศิลปากร,แอดไลน์ http://bit.ly/3AVZOt6 แอดไลน์ตอนนี้ กดรับฟรีทันที!! Universities Guide Book ที่รวบรวม Requirement หลักสูตรอินเตอร์ขวัญใจเด็ก GEN Z เอาไว้,0,1,0,0,917,theplannertutor,2023-08-16 11:42:19,2024-11-29 01:24:19,"['DEK67', 'TCAS', 'จุฬา', 'มหิดล', 'มข', 'มช', 'เกษตรศาสตร์', 'tcas67', 'ธรรมศาสตร์', 'MUIC', 'ศิลปากร']",เกษตรศาสตร์
1755909415637504267,Cest moi & Loyd คอมมูนิตี้ที่เป็นมากกว่าคาเฟ่หรือร้านไอศกรีมธรรมดา . ซอยงามวงศ์วาน 46 รีวิว->https://shorturl.asia/YmB6L . @aroii #cestmoi #cestmoicafe #loydicecream #คาเฟ่ไอศกรีม #เกษตรศาสตร์ #เสนานิคม #tamagofreemag #tamagoonline #tamagoพาไป,Cest moi & Loyd คอมมูนิตี้ที่เป็นมากกว่าคาเฟ่หรือร้านไอศกรีมธรรมดา . ซอยงามวงศ์วาน 46 รีวิว->https://shorturl.asia/YmB6L . @aroii,0,1,0,0,470,tamagofreemag,2024-02-09 11:00:02,2024-11-29 01:24:19,"['cestmoi', 'cestmoicafe', 'loydicecream', 'คาเฟ่ไอศกรีม', 'เกษตรศาสตร์', 'เสนานิคม', 'tamagofreemag', 'tamagoonline', 'tamagoพาไป']",เกษตรศาสตร์
1792400214827081846,ยินดีต้อนรับน้องๆทุกคนที่ติดคณะสัตวแพทยศาสตร์ มหาวิทยาลัยเกษตรศาสตร์ด้วยนะคะ สามารถสแกนคิวอาร์โค้ดเพื่อเข้ากลุ่มไลน์vet88 ได้เลยน้าาา #ทีมมก #มก #Tcas67 #DEK67 #สัตวแพทย์ #เกษตรศาสตร์ #บางเขน #เด็กซิ่ว,ยินดีต้อนรับน้องๆทุกคนที่ติดคณะสัตวแพทยศาสตร์ มหาวิทยาลัยเกษตรศาสตร์ด้วยนะคะ สามารถสแกนคิวอาร์โค้ดเพื่อเข้ากลุ่มไลน์vet88 ได้เลยน้าาา,0,16,3,2,3334,Welcomevetku,2024-05-20 03:41:27,2024-11-29 01:24:19,"['ทีมมก', 'มก', 'Tcas67', 'DEK67', 'สัตวแพทย์', 'เกษตรศาสตร์', 'บางเขน', 'เด็กซิ่ว']",เกษตรศาสตร์
1758030905351016836,ยินดีด้วยกับน้องพา จากเซนโยด้วยค่าา หลังจาก #ทำพอร์ต กันมาอย่างยาวนาน ก็สอบติดไปถึง 3 ที่ ทั้ง #ศิลปากร #เกษตรศาสตร์ #แม่ฟ้าหลวง คิดถึงมาก ๆ สอนเมื่อไรมีแต่ความสนุก เรียนไปขำไปเม้าไป #dek67 #พอร์ตฟอลิโอ #พอร์ตโฟลิโอ #พอร์ตยื่นมหาลัย #รอบพอร์ต #ทำportfolio,ยินดีด้วยกับน้องพา จากเซนโยด้วยค่าา หลังจาก  กันมาอย่างยาวนาน ก็สอบติดไปถึง 3 ที่ ทั้ง    คิดถึงมาก ๆ สอนเมื่อไรมีแต่ความสนุก เรียนไปขำไปเม้าไป,0,0,0,0,969,Tutorrus,2024-02-15 07:30:05,2024-11-29 01:24:19,"['ทำพอร์ต', 'ศิลปากร', 'เกษตรศาสตร์', 'แม่ฟ้าหลวง', 'dek67', 'พอร์ตฟอลิโอ', 'พอร์ตโฟลิโอ', 'พอร์ตยื่นมหาลัย', 'รอบพอร์ต', 'ทำportfolio']",เกษตรศาสตร์
1660348104267423744,รบกวนช่วยรีหน่อยค่ะ เวลาประมาณ 23.40 น. ใครที่ขับรถผ่านบริเวณสะพานข้ามแยกเกษตรฝั่งขาออก (ฝั่งม.เกษตร) แล้วพบเห็นอุบัติเหตุรถปิ๊กอัพชนรถจักรยานยนต์ รบกวนติดต่อเรามาหน่อยได้มั้ยคะ พอดีผู้ประสบเหตุเป็นพี่ชายเรา คนขับชนแล้วหนีค่ะ #อุบัติเหตุ #รถชน #เกษตรบางเขน #เกษตรศาสตร์,รบกวนช่วยรีหน่อยค่ะ เวลาประมาณ 23.40 น. ใครที่ขับรถผ่านบริเวณสะพานข้ามแยกเกษตรฝั่งขาออก (ฝั่งม.เกษตร) แล้วพบเห็นอุบัติเหตุรถปิ๊กอัพชนรถจักรยานยนต์ รบกวนติดต่อเรามาหน่อยได้มั้ยคะ พอดีผู้ประสบเหตุเป็นพี่ชายเรา คนขับชนแล้วหนีค่ะ,1,38,2,0,2960,DZemb_1991,2023-05-21 18:13:30,2024-11-29 01:24:19,"['อุบัติเหตุ', 'รถชน', 'เกษตรบางเขน', 'เกษตรศาสตร์']",เกษตรศาสตร์
1830123422208192872,รวม 10 เรื่องอยากให้รู้ ก่อนเข้าม.เกษตร! มีวิชาอะไรที่ต้องลงบ้าง ชื่อเรียกแปลก และความเชื่อของเด็กมหาลัยนี้เป็นยังไง มาดูกัน! . อ่านต่อบทความฉบับเต็ม ที่ https://thestudy-th.com/blog/6474/10storyku . #thestudy #เรื่องน่ารู้ #ความเชื่อ #มเกษตร #เกษตรแฟร์ #มหาวิทยาลัยเกษตรศาสตร์ #เกษตรศาสตร์ #KU,รวม 10 เรื่องอยากให้รู้ ก่อนเข้าม.เกษตร! มีวิชาอะไรที่ต้องลงบ้าง ชื่อเรียกแปลก และความเชื่อของเด็กมหาลัยนี้เป็นยังไง มาดูกัน! . อ่านต่อบทความฉบับเต็ม ที่ https://thestudy-th.com/blog/6474/10storyku .,0,0,0,0,139,TheStudyTH_X,2024-09-01 06:00:00,2024-11-29 01:24:19,"['thestudy', 'เรื่องน่ารู้', 'ความเชื่อ', 'มเกษตร', 'เกษตรแฟร์', 'มหาวิทยาลัยเกษตรศาสตร์', 'เกษตรศาสตร์', 'KU']",เกษตรศาสตร์
1783681490318143902,รศ. ดร.วีระภาส คุณรัตนสิริ รองคณบดีฝ่ายสารสนเทศ บัณฑิตวิทยาลัย กล่าวเปิดการอบรมเชิงปฏิบัติการ การใช้งาน iThesis ออนไลน์ ผ่านโปรแกรม Cisco WebEx ให้แก่นิสิตระดับบัณฑิตศึกษาของ มก. เมื่อวันที่ 24 เม.ย. 2567 #เกษตรศาสตร์ #บัณฑิตวิทยาลัย #Kasetsart #KU #GradKU #iThesis #KUiThesis,รศ. ดร.วีระภาส คุณรัตนสิริ รองคณบดีฝ่ายสารสนเทศ บัณฑิตวิทยาลัย กล่าวเปิดการอบรมเชิงปฏิบัติการ การใช้งาน iThesis ออนไลน์ ผ่านโปรแกรม Cisco WebEx ให้แก่นิสิตระดับบัณฑิตศึกษาของ มก. เมื่อวันที่ 24 เม.ย. 2567,0,0,0,0,296,Grad_KU,2024-04-26 02:16:21,2024-11-29 01:24:19,"['เกษตรศาสตร์', 'บัณฑิตวิทยาลัย', 'Kasetsart', 'KU', 'GradKU', 'iThesis', 'KUiThesis']",เกษตรศาสตร์
1753219125059506219,สถานเรียนเกษตรนั้น เราผูกพันบูช 2 กุมภาพันธ์ 2567 81 ปี แห่งการสถาปนามหาวิทยาลัยเกษตรศาสตร์ #81thKasetsartUniversity #81stKU #81yearsKU #81ปีมก #proudtobeku #kasetsart #เกษตรศาสตร์ #วันเกษตรศาสตร์ #KU #เคยู #มก #KUSEXYBOY,สถานเรียนเกษตรนั้น เราผูกพันบูช 2 กุมภาพันธ์ 2567 81 ปี แห่งการสถาปนามหาวิทยาลัยเกษตรศาสตร์,0,3,8,0,2439,kusexyboy,2024-02-02 00:49:47,2024-11-29 01:24:19,"['81thKasetsartUniversity', '81stKU', '81yearsKU', '81ปีมก', 'proudtobeku', 'kasetsart', 'เกษตรศาสตร์', 'วันเกษตรศาสตร์', 'KU', 'เคยู', 'มก', 'KUSEXYBOY']",เกษตรศาสตร์
1797140769465372679,ม.เกษตร ต่อยอดหลักสูตร KU CARE รุ่น2 ยกระดับผู้บริหารระดับสูงขององค์กร สู่มาตรฐานอย่างยั่งยืน https://energynewscenter.com/%e0%b8%a1-%e0%b9%80%e0%b8%81%e0%b8%a9%e0%b8%95%e0%b8%a3-%e0%b8%95%e0%b9%88%e0%b8%ad%e0%b8%a2%e0%b8%ad%e0%b8%94%e0%b8%ab%e0%b8%a5%e0%b8%b1%e0%b8%81%e0%b8%aa%e0%b8%b9%e0%b8%95%e0%b8%a3-ku-care/ ผ่าน @EnergyNewsCent1 #KU Care #เกษตรศาสตร์ #เคยู แคร์ #นโยบายสีเขียว #ธุรกิจ #ความยั่งยืน #เน็ต ซีโร่,ม.เกษตร ต่อยอดหลักสูตร KU CARE รุ่น2 ยกระดับผู้บริหารระดับสูงขององค์กร สู่มาตรฐานอย่างยั่งยืน https://energynewscenter.com/%e0%b8%a1-%e0%b9%80%e0%b8%81%e0%b8%a9%e0%b8%95%e0%b8%a3-%e0%b8%95%e0%b9%88%e0%b8%ad%e0%b8%a2%e0%b8%ad%e0%b8%94%e0%b8%ab%e0%b8%a5%e0%b8%b1%e0%b8%81%e0%b8%aa%e0%b8%b9%e0%b8%95%e0%b8%a3-ku-care/ ผ่าน @EnergyNewsCent1  Care   แคร์     ซีโร่,0,0,1,0,173,EnergyNewsCent1,2024-06-02 05:38:43,2024-11-29 01:24:19,"['KU', 'เกษตรศาสตร์', 'เคยู', 'นโยบายสีเขียว', 'ธุรกิจ', 'ความยั่งยืน', 'เน็ต']",เกษตรศาสตร์
1740792044866752951,"#คณะในฝัน #DEK67 #TCAS67 #TGAT #Alevel #คณะอักษรศาสตร์ #คณะศิลปศาสตร์ #คณะมนุษย์ศาสตร์ #มก #เกษตรศาสตร์ #KU อยากติดมนุษย์(จีน)มก ต้องได้คะแนนเท่าไหร่?? พี่คำนวณคร่าว ๆ ให้แล้ว +,-ได้นิดหน่อยถ้า Final คะแนนรวมตามนี้คือเซฟเลย ติดแน่นอน","อยากติดมนุษย์(จีน)มก ต้องได้คะแนนเท่าไหร่?? พี่คำนวณคร่าว ๆ ให้แล้ว +,-ได้นิดหน่อยถ้า Final คะแนนรวมตามนี้คือเซฟเลย ติดแน่นอน",0,5,8,9,3746,WTPyuck,2023-12-29 17:49:00,2024-11-29 01:24:19,"['คณะในฝัน', 'DEK67', 'TCAS67', 'TGAT', 'Alevel', 'คณะอักษรศาสตร์', 'คณะศิลปศาสตร์', 'คณะมนุษย์ศาสตร์', 'มก', 'เกษตรศาสตร์', 'KU']",เกษตรศาสตร์
1833032078444646683,ใครทีม #เกษตร ยกมือขึ้น แล้วเตรียมหาตี้ เพราะ ม.เกษตร บางเขน กำลังจะมี Open House! ในวันที่ 19 - 20 ธ.ค. 67 นี้ งานฟรี ไม่มีค่าใช้จ่าย . #TCASter #Mytcas #TCAS68 #DEK68 #KU #KasetsartUniversity #KUOpenHouse #OpenHouse2024 #เกษตรศาสตร์ #มหาวิทยาลัยเกษตรศาสตร์ #เกษตรบางเขน,ใครทีม  ยกมือขึ้น แล้วเตรียมหาตี้ เพราะ ม.เกษตร บางเขน กำลังจะมี Open House! ในวันที่ 19 - 20 ธ.ค. 67 นี้ งานฟรี ไม่มีค่าใช้จ่าย .,0,4,15,3,2468,TCASterApp,2024-09-09 06:37:58,2024-11-29 01:24:19,"['เกษตร', 'TCASter', 'Mytcas', 'TCAS68', 'DEK68', 'KU', 'KasetsartUniversity', 'KUOpenHouse', 'OpenHouse2024', 'เกษตรศาสตร์', 'มหาวิทยาลัยเกษตรศาสตร์', 'เกษตรบางเขน']",เกษตรศาสตร์
1728921798811746633,มาวิ่งงาน Run For Fisheries #RunForFisheries2023 ที่ ม.เกษตรศาสตร์ #ku #เกษตรศาสตร์ มาวิ่งที่นี่เป็นครั้งแรก ... ลงรุ่น 5KM แบบขำๆไม่ซีเรียส แต่เหนื่อยเอาเรื่อง ปกติจะมาที่นี่เพราะงาน Barcamp,มาวิ่งงาน Run For Fisheries  ที่ ม.เกษตรศาสตร์   มาวิ่งที่นี่เป็นครั้งแรก ... ลงรุ่น 5KM แบบขำๆไม่ซีเรียส แต่เหนื่อยเอาเรื่อง ปกติจะมาที่นี่เพราะงาน Barcamp,0,0,0,0,193,wissarut106,2023-11-26 23:40:53,2024-11-29 01:24:19,"['RunForFisheries2023', 'ku', 'เกษตรศาสตร์']",เกษตรศาสตร์
1761690508253184465,สุวัจน์ เปิดงาน เดิน-วิ่ง ม.เกษตร KU RUN 3 ชิงถ้วยพระราชทาน หารายได้สร้างโรงพยาบาลคณะแพทย์ศาสตร์ ม.เกษตรศาสตร์ #สุวัจน์ #เกษตรศาสตร์ #kurun3,สุวัจน์ เปิดงาน เดิน-วิ่ง ม.เกษตร KU RUN 3 ชิงถ้วยพระราชทาน หารายได้สร้างโรงพยาบาลคณะแพทย์ศาสตร์ ม.เกษตรศาสตร์,0,0,0,0,994,Kom_chad_luek,2024-02-25 09:52:02,2024-11-29 01:24:19,"['สุวัจน์', 'เกษตรศาสตร์', 'kurun3']",เกษตรศาสตร์
1710271184476987559,วิศวะอินเตอร์ #เกษตรศาสตร์ หลักสูตร IUP vs IDDP เรียนวิศวะเหมือนกัน แต่หลักสูตรเป็นวิศวะกันคนละสายเลยจ้า สมัครติว http://bit.ly/3AVZOt6 #เรียนGED #เรียนไอเอลที่ไหนดี #สอบเทียบged #ทีมเกษตรศาสตร์ #ทีมมก #ทีมKU #KU #มก #DEK67 #DEK68 #TCAS #TCAS67 #ติวGEDที่ไหนดี #ADMISSION,วิศวะอินเตอร์  หลักสูตร IUP vs IDDP เรียนวิศวะเหมือนกัน แต่หลักสูตรเป็นวิศวะกันคนละสายเลยจ้า สมัครติว http://bit.ly/3AVZOt6,0,1,1,0,1098,theplannertutor,2023-10-06 12:30:00,2024-11-29 01:24:19,"['เกษตรศาสตร์', 'เรียนGED', 'เรียนไอเอลที่ไหนดี', 'สอบเทียบged', 'ทีมเกษตรศาสตร์', 'ทีมมก', 'ทีมKU', 'KU', 'มก', 'DEK67', 'DEK68', 'TCAS', 'TCAS67', 'ติวGEDที่ไหนดี', 'ADMISSION']",เกษตรศาสตร์
1827160550863991153,รับเชิญ ม.#เกษตรศาสตร์ ร่วมเสวนาโครงการพัฒนานิสิต เรื่อง สิทธิเด็ก : ยุติการลงโทษทางกายของเด็กในกรณีผู้ปกครองทำโทษบุตรโดยใช้ความรุนแรง จากที่สภารับหลักการแก้ ปพพ.#ประเทศนี้ไม่ตีเด็ก นิสิตสะท้อนความเห็นทั้งทาง กม. ทางจิตวิทยา และทางสังคม ที่เป็นประโยชน์ต่อการแก้ไข กม.#พรรคประชาชน,รับเชิญ ม. ร่วมเสวนาโครงการพัฒนานิสิต เรื่อง สิทธิเด็ก : ยุติการลงโทษทางกายของเด็กในกรณีผู้ปกครองทำโทษบุตรโดยใช้ความรุนแรง จากที่สภารับหลักการแก้ ปพพ. นิสิตสะท้อนความเห็นทั้งทาง กม. ทางจิตวิทยา และทางสังคม ที่เป็นประโยชน์ต่อการแก้ไข กม.,4,95,269,0,3339,nuttha_PPLE,2024-08-24 01:46:36,2024-11-29 01:25:19,"['เกษตรศาสตร์', 'ประเทศนี้ไม่ตีเด็ก', 'พรรคประชาชน']",เกษตรศาสตร์
1831505054320488563,รอบ 3 แอดมิชชัน (Admission) สมัคร : 6 - 12 พ.ค. 68 รอบ 4 รับตรง (Direct Admission) เปิดรับแค่บางคณะ จะประกาศรายละเอียดให้ทราบภายหลัง . #TCASter #Mytcas #TCAS68 #DEK68 #มปลาย #มก #เกษตรศาสตร์ #มหาวิทยาลัยเกษตรศาสตร์ #เกษตร #KU #รอบพอร์ต #พอร์ตฟอลิโอ #portfolio #รอบ1,รอบ 3 แอดมิชชัน (Admission) สมัคร : 6 - 12 พ.ค. 68 รอบ 4 รับตรง (Direct Admission) เปิดรับแค่บางคณะ จะประกาศรายละเอียดให้ทราบภายหลัง .,0,2,2,1,836,TCASterApp,2024-09-05 01:30:07,2024-11-29 01:25:19,"['TCASter', 'Mytcas', 'TCAS68', 'DEK68', 'มปลาย', 'มก', 'เกษตรศาสตร์', 'มหาวิทยาลัยเกษตรศาสตร์', 'เกษตร', 'KU', 'รอบพอร์ต', 'พอร์ตฟอลิโอ', 'portfolio', 'รอบ1']",เกษตรศาสตร์
1842831496199160032,หาเพื่อนเข้ารอบพอร์ต มหาวิทยาลัยเกษตรศาสตร์ กำแพงแสน คณะเกษตรศาสตร์ค่ะ #dek68 #เกษตรศาสตร์ #เกษตรศาสตร์กำแพงแสน #สัตวศาสตร์,หาเพื่อนเข้ารอบพอร์ต มหาวิทยาลัยเกษตรศาสตร์ กำแพงแสน คณะเกษตรศาสตร์ค่ะ,2,0,1,0,347,hae_hyuck99,2024-10-06 07:37:21,2024-11-29 01:25:19,"['dek68', 'เกษตรศาสตร์', 'เกษตรศาสตร์กำแพงแสน', 'สัตวศาสตร์']",เกษตรศาสตร์
1835292558727024886,ทักทายคงไม่ว่านะครับ #บางเขน #เกษตรศาสตร์,ทักทายคงไม่ว่านะครับ,0,0,0,0,124,NJ_TW_2021,2024-09-15 12:20:18,2024-11-29 01:25:19,"['บางเขน', 'เกษตรศาสตร์']",เกษตรศาสตร์
1832655585252135097,ทาร์ตมะพร้าวโอชิน #รับหิ้วbabybebear รับหิ้ว ค่าหิ้วกล่องละ70 ส่ง 09/09 พรุ่งนี้เท่านั้นห้ามพลาดเลย นัดรับฟรีส่งลาดพร้าว ม.เกษตร รังสิต นนทบุรี พารากอน ระแหวกตามที่แจ้ง #ทาร์ตมะพร้าวโอชิน #รับหิ้ว #รับหิ้วขนม #โอชินเบเกอรี่ #ทาร์ตมะพร้าว #รีวิว #เกษตรศาสตร์ #สยาม,ทาร์ตมะพร้าวโอชิน  รับหิ้ว ค่าหิ้วกล่องละ70 ส่ง 09/09 พรุ่งนี้เท่านั้นห้ามพลาดเลย นัดรับฟรีส่งลาดพร้าว ม.เกษตร รังสิต นนทบุรี พารากอน ระแหวกตามที่แจ้ง,0,0,0,2,787,babybebear_,2024-09-08 05:41:55,2024-11-29 01:25:19,"['รับหิ้วbabybebear', 'ทาร์ตมะพร้าวโอชิน', 'รับหิ้ว', 'รับหิ้วขนม', 'โอชินเบเกอรี่', 'ทาร์ตมะพร้าว', 'รีวิว', 'เกษตรศาสตร์', 'สยาม']",เกษตรศาสตร์
1860271997227532691,ตำนานที่มีชีวิตของเด็กเกษตร @l_teng711 @Regencie911 รู้จักไหม 555+ #นิสิตเกษตร #เกษตรศาสตร์,ตำนานที่มีชีวิตของเด็กเกษตร @l_teng711 @Regencie911 รู้จักไหม 555+,2,0,0,0,332,WatcharaR1112,2024-11-23 10:39:40,2024-11-29 01:25:19,"['นิสิตเกษตร', 'เกษตรศาสตร์']",เกษตรศาสตร์
1843583852767547396,"เช็กด่วนน! คุณสมบัติรอบพอร์ตโครงการช้างเผือก ม.เกษตร เปิดรับเยอะมากก กว่า 1,500 ที่นั่ง เปิดรับสมัครตั้งแต่ 15 ต.ค.15 พ.ย. 67 เช็กคุณสมบัติของแต่ละสาขาที่โพสต์นี้เลย #TCASter #Mytcas #TCAS67 #TCAS68 #DEK68 #dek69 #KU #เกษตรศาสตร์ #มหาวิทยาลัย #มหาวิทยาลัยเกษตร #สอบติดมหาลัย","เช็กด่วนน! คุณสมบัติรอบพอร์ตโครงการช้างเผือก ม.เกษตร เปิดรับเยอะมากก กว่า 1,500 ที่นั่ง เปิดรับสมัครตั้งแต่ 15 ต.ค.15 พ.ย. 67 เช็กคุณสมบัติของแต่ละสาขาที่โพสต์นี้เลย",1,5,30,11,3254,TCASterApp,2024-10-08 09:26:57,2024-11-29 01:25:19,"['TCASter', 'Mytcas', 'TCAS67', 'TCAS68', 'DEK68', 'dek69', 'KU', 'เกษตรศาสตร์', 'มหาวิทยาลัย', 'มหาวิทยาลัยเกษตร', 'สอบติดมหาลัย']",เกษตรศาสตร์
1832571140126208075,ทาร์ตมะพร้าวโอชิน อร่อยมากคิวยาวสุดๆ พร้อมส่งวันที่ 9 วันที่ 10 นี้เลย นัดรับ นนทบุรี พารากอน มอเกษตร รังสิต ห้าแยกลาดพร้าว ทาร์ต+70 ขนมปังอื่นๆ +30 #ทาร์ตมะพร้าวโอชิน #รับหิ้ว #รับหิ้วขนม #โอชินเบเกอรี่ #ทาร์ตมะพร้าว #รีวิว #มก #เกษตรศาสตร์,ทาร์ตมะพร้าวโอชิน อร่อยมากคิวยาวสุดๆ พร้อมส่งวันที่ 9 วันที่ 10 นี้เลย นัดรับ นนทบุรี พารากอน มอเกษตร รังสิต ห้าแยกลาดพร้าว ทาร์ต+70 ขนมปังอื่นๆ +30,0,0,2,0,645,babybebear_,2024-09-08 00:06:21,2024-11-29 01:25:19,"['ทาร์ตมะพร้าวโอชิน', 'รับหิ้ว', 'รับหิ้วขนม', 'โอชินเบเกอรี่', 'ทาร์ตมะพร้าว', 'รีวิว', 'มก', 'เกษตรศาสตร์']",เกษตรศาสตร์
1861722276204532015,อยากมีความรู้ต้อง Open House อยากเข้าคณะของเรา ต้องมาที่ KU ใครยังไม่ได้ลงทะเบียน รีบลงทะเบียนกันน้าา แล้วมาเจอกันที่งาน 19-20 ธ.ค.67 อาคารจักรพันธ์เพ็ญศิริ มก. #เกษตรศาสตร์ #ทีมมก #kasetsart #ku #kuopenhouse #tcas #tcas68,อยากมีความรู้ต้อง Open House อยากเข้าคณะของเรา ต้องมาที่ KU ใครยังไม่ได้ลงทะเบียน รีบลงทะเบียนกันน้าา แล้วมาเจอกันที่งาน 19-20 ธ.ค.67 อาคารจักรพันธ์เพ็ญศิริ มก.,0,4,5,0,438,kasetsart_ku,2024-11-27 10:42:34,2024-11-29 01:25:19,"['เกษตรศาสตร์', 'ทีมมก', 'kasetsart', 'ku', 'kuopenhouse', 'tcas', 'tcas68']",เกษตรศาสตร์
1855519176636678358,มาย้ำเตือนกันอีกที สัปดาห์สุดท้ายก่อนปิดรับสมัคร!! KU Run 4 วิ่งรวมพลังเกษตรศาสตร์ Power of KU สมัครด่วน ** ได้ที่ : https://alumni.ku.ac.th/kurun4 หรือสแกน QR Code ในโปสเตอร์ #KURUN4 #เกษตรศาสตร์ #kasetsart #university #run #exercise #donation,มาย้ำเตือนกันอีกที สัปดาห์สุดท้ายก่อนปิดรับสมัคร!! KU Run 4 วิ่งรวมพลังเกษตรศาสตร์ Power of KU สมัครด่วน ** ได้ที่ : https://alumni.ku.ac.th/kurun4 หรือสแกน QR Code ในโปสเตอร์,0,1,1,0,399,kasetsart_ku,2024-11-10 07:53:40,2024-11-29 01:25:19,"['KURUN4', 'เกษตรศาสตร์', 'kasetsart', 'university', 'run', 'exercise', 'donation']",เกษตรศาสตร์
1853400893900951677,มหาวิทยาลัยเกษตรศาสตร์ ขอเชิญอาจารย์ นักวิจัย นิสิต และบุคคลทั่วไป เข้าร่วมชม นิทรรศการจัดแสดงผลงานของผู้รับทุนโครงการ Reinventing University ครั้งที่ 2 #kasetsart #ku #เกษตรศาสตร์ #reinventinguniversity,มหาวิทยาลัยเกษตรศาสตร์ ขอเชิญอาจารย์ นักวิจัย นิสิต และบุคคลทั่วไป เข้าร่วมชม นิทรรศการจัดแสดงผลงานของผู้รับทุนโครงการ Reinventing University ครั้งที่ 2,0,2,4,1,569,kasetsart_ku,2024-11-04 11:36:22,2024-11-29 01:25:19,"['kasetsart', 'ku', 'เกษตรศาสตร์', 'reinventinguniversity']",เกษตรศาสตร์
1859483470092959812,น้องๆ 68 ม.เกษตร มีอะไรจะบอก > ?????????? เปิดรับสมัครรอบโควตาศิลปวัฒนธรรมและซอฟต์พาวเวอร์ (KU Soft Power) รายละเอียดที่เปิดรับ : https://shorturl.asia/EkPSO รายละเอียดเพิ่มเติม : https://admission.ku.ac.th #tcas68 #tcas #dek68 #Tcas2 #KUSoftpower #kasesart #เกษตรศาสตร์ #ทีมมก,น้องๆ 68 ม.เกษตร มีอะไรจะบอก > ?????????? เปิดรับสมัครรอบโควตาศิลปวัฒนธรรมและซอฟต์พาวเวอร์ (KU Soft Power) รายละเอียดที่เปิดรับ : https://shorturl.asia/EkPSO รายละเอียดเพิ่มเติม : https://admission.ku.ac.th,0,1,1,0,588,kasetsart_ku,2024-11-21 06:26:21,2024-11-29 01:25:19,"['tcas68', 'tcas', 'dek68', 'Tcas2', 'KUSoftpower', 'kasesart', 'เกษตรศาสตร์', 'ทีมมก']",เกษตรศาสตร์
1836379225659674809,หาDek 70 เมคเฟรนที่จะมีความฝันเข้าคณะ วนศาสตร์ คั้บ DM ได้เลยยย #เกษตรศาสตร์ #คณะวนศาสตร๋,หาDek 70 เมคเฟรนที่จะมีความฝันเข้าคณะ วนศาสตร์ คั้บ DM ได้เลยยย,0,0,0,0,123,kanthida51,2024-09-18 12:18:20,2024-11-29 01:25:19,"['เกษตรศาสตร์', 'คณะวนศาสตร๋']",เกษตรศาสตร์
1852703217861419277,ปล่อยต่อค่ะ #มกศรช #เกษตรศรีราชา #kusrc #ku #มก #เกษตรศาสตร์,ปล่อยต่อค่ะ,0,0,0,0,560,suxaxtamixt,2024-11-02 13:24:03,2024-11-29 01:25:19,"['มกศรช', 'เกษตรศรีราชา', 'kusrc', 'ku', 'มก', 'เกษตรศาสตร์']",เกษตรศาสตร์
1858329845866156455,ปิดรับสมัครอย่างเป็นทางการ KU Run 4 สำหรับใครที่สมัครเรียบร้อย เตรียมตัวให้พร้อม! วิ่งรวมพลังเกษตรศาสตร์ Power of KU มาเจอกัน 15 ธันวาคม นี้! #KURUN4 #เกษตรศาสตร์ #kasetsart #university #run #exercise #donation #โรงพยาบาลมหาวิทยาลัยเกษตรศาสตร์,ปิดรับสมัครอย่างเป็นทางการ KU Run 4 สำหรับใครที่สมัครเรียบร้อย เตรียมตัวให้พร้อม! วิ่งรวมพลังเกษตรศาสตร์ Power of KU มาเจอกัน 15 ธันวาคม นี้!,0,0,0,0,264,kasetsart_ku,2024-11-18 02:02:16,2024-11-29 01:25:19,"['KURUN4', 'เกษตรศาสตร์', 'kasetsart', 'university', 'run', 'exercise', 'donation', 'โรงพยาบาลมหาวิทยาลัยเกษตรศาสตร์']",เกษตรศาสตร์
1846453056315285604,ส่งต่อเครื่องแบบนิสิตมกงับ -หัวเข็มขัด+สาย 180 บาท -กระดุม 5 เม็ด 100 บาท -เข็มตรามหาลัย 50 บาท ค่าส่ง 30 บาทเหมาๆ ใส่แค่ไปรับปริญญางับ #เครื่องแบบนิสิต #ทีมมก #เกษตรศาสตร์ #ชุดนักศึกษา #มก #dek68 #dek67 #ชุดนิสิตมก #ส่งต่อชุดนักศึกษา,ส่งต่อเครื่องแบบนิสิตมกงับ -หัวเข็มขัด+สาย 180 บาท -กระดุม 5 เม็ด 100 บาท -เข็มตรามหาลัย 50 บาท ค่าส่ง 30 บาทเหมาๆ ใส่แค่ไปรับปริญญางับ,0,0,0,0,319,Srykm2002,2024-10-16 07:28:08,2024-11-29 01:25:19,"['เครื่องแบบนิสิต', 'ทีมมก', 'เกษตรศาสตร์', 'ชุดนักศึกษา', 'มก', 'dek68', 'dek67', 'ชุดนิสิตมก', 'ส่งต่อชุดนักศึกษา']",เกษตรศาสตร์
1857077340523704519,ฝากรีหน่อยค่ะ #ลอยกระทง #เกษตรศาสตร์,ฝากรีหน่อยค่ะ,0,1,4,0,250,bee_bas_boat,2024-11-14 15:05:15,2024-11-29 01:25:19,"['ลอยกระทง', 'เกษตรศาสตร์']",เกษตรศาสตร์
1839094189268562207,สวยงามนะครับ ทักได้ป่าว #บางเขน #เกษตรศาสตร์ #BTS พหลโยธิน59,สวยงามนะครับ ทักได้ป่าว    พหลโยธิน59,0,0,0,0,181,NJ_TW_2021,2024-09-26 00:06:38,2024-11-29 01:25:19,"['บางเขน', 'เกษตรศาสตร์', 'BTS']",เกษตรศาสตร์
1833322533451665727,สวัสดีค่ะมีพี่ ๆ สามารถให้คำปรึกษาเกี่ยวกับคณะมนุษยศาสตร์ มก ได้ไหมคะ พอดีสนใจที่อยากจะเข้าคณะนี้ค่ะ #เกษตรศาสตร์ #มก #ku #dek68วันนี้ทำอะไร #dek68 #TCAS68,สวัสดีค่ะมีพี่ ๆ สามารถให้คำปรึกษาเกี่ยวกับคณะมนุษยศาสตร์ มก ได้ไหมคะ พอดีสนใจที่อยากจะเข้าคณะนี้ค่ะ,0,0,0,0,139,leenuanno,2024-09-10 01:52:08,2024-11-29 01:25:19,"['เกษตรศาสตร์', 'มก', 'ku', 'dek68วันนี้ทำอะไร', 'dek68', 'TCAS68']",เกษตรศาสตร์
1851544085305442808,ดูบอลสด ถ่ายทอดสด ฟุตบอล รีโว่ คัพ เกษตรศาสตร์ VS ทรู แบงค็อก #ดูบอลสด #ลิ้งค์ดูบอลสด #ตารางดูบอลสด #ฟุตบอลรีโว่คัพ #เกษตรศาสตร์ #ทรูแบงค็อกยูไนเต็ด,ดูบอลสด ถ่ายทอดสด ฟุตบอล รีโว่ คัพ เกษตรศาสตร์ VS ทรู แบงค็อก,0,0,2,0,564,PostToday,2024-10-30 08:38:04,2024-11-29 01:25:19,"['ดูบอลสด', 'ลิ้งค์ดูบอลสด', 'ตารางดูบอลสด', 'ฟุตบอลรีโว่คัพ', 'เกษตรศาสตร์', 'ทรูแบงค็อกยูไนเต็ด']",เกษตรศาสตร์
1843534173052776860,พิธีพระราชทานปริญญาบัตร #มหาวิทยาลัยเกษตรศาสตร์ ประจำปีการศึกษา 2566 ในวันที่ 8-10 ตุลาคม 2567 นายเกษม วัฒนชัย องคมนตรี จะเป็นผู้แทนพระองค์ ไปมอบปริญญาบัตรให้แก่บัณฑิต #เกษตรศาสตร์,พิธีพระราชทานปริญญาบัตร  ประจำปีการศึกษา 2566 ในวันที่ 8-10 ตุลาคม 2567 นายเกษม วัฒนชัย องคมนตรี จะเป็นผู้แทนพระองค์ ไปมอบปริญญาบัตรให้แก่บัณฑิต,1,0,0,0,387,Phet_srp,2024-10-08 06:09:32,2024-11-29 01:25:19,"['มหาวิทยาลัยเกษตรศาสตร์', 'เกษตรศาสตร์']",เกษตรศาสตร์
1836358410289451196,สอบถามพี่ๆที่เข้ารับปริญญาเกษตรปีที่แล้วหน่อยค่า ว่าเข้ารับ แต่งหน้ายังไงได้บ้าง ตรวจอะไรบ้าง คอนเทคเลนส์ใส่แบบไหนได้บ้างคะ คือหาข้อมูลแล้วมอบอกไม่บอกอะไรเกี่ยวกับคอนเทคเลนส์เลยแงงง #รับปริญญาเกษตร #มก #เกษตรศาสตร์ #ku,สอบถามพี่ๆที่เข้ารับปริญญาเกษตรปีที่แล้วหน่อยค่า ว่าเข้ารับ แต่งหน้ายังไงได้บ้าง ตรวจอะไรบ้าง คอนเทคเลนส์ใส่แบบไหนได้บ้างคะ คือหาข้อมูลแล้วมอบอกไม่บอกอะไรเกี่ยวกับคอนเทคเลนส์เลยแงงง,0,0,0,0,418,piwpiwty,2024-09-18 10:55:37,2024-11-29 01:25:19,"['รับปริญญาเกษตร', 'มก', 'เกษตรศาสตร์', 'ku']",เกษตรศาสตร์
1847980542899486913,มีใครกำลังเรียน/เคยเรียนปริญญาโท ม.เกษตรศาสตร์ ภาควิชาภาษาต่างประเทศ สาขาวิชาภาษาอังกฤษเพื่อการสื่อสารระหว่างประเทศอยู่บ้างมั้ยคะ หรือใครที่กำลังแพลนจะเข้าก็ได้ค่ะ อยากสอบถามข้อมูลค่า #ปริญญาโท #เกษตรศาสตร์ #เกษตรศาสตร์บางเขน #มอเกษตร,มีใครกำลังเรียน/เคยเรียนปริญญาโท ม.เกษตรศาสตร์ ภาควิชาภาษาต่างประเทศ สาขาวิชาภาษาอังกฤษเพื่อการสื่อสารระหว่างประเทศอยู่บ้างมั้ยคะ หรือใครที่กำลังแพลนจะเข้าก็ได้ค่ะ อยากสอบถามข้อมูลค่า,0,0,0,0,60,Bammy2215,2024-10-20 12:37:49,2024-11-29 01:25:19,"['ปริญญาโท', 'เกษตรศาสตร์', 'เกษตรศาสตร์บางเขน', 'มอเกษตร']",เกษตรศาสตร์
1849408243992260767,ม.เกษตรศาสตร์ ประกาศ จำนวนรับและเกณฑ์การคัดเลือกในระบบ #TCAS68 รอบที่ 3 #Admission อ่านที่ : https://eduzones.com/2024/10/24/ku-admission68/ #dek68 #KU #เกษตรศาสตร์,ม.เกษตรศาสตร์ ประกาศ จำนวนรับและเกณฑ์การคัดเลือกในระบบ  รอบที่ 3  อ่านที่ : https://eduzones.com/2024/10/24/ku-admission68/,0,0,0,0,611,eduzones,2024-10-24 11:11:00,2024-11-29 01:25:19,"['TCAS68', 'Admission', 'dek68', 'KU', 'เกษตรศาสตร์']",เกษตรศาสตร์
1861364210720223589,หาหนังสือ พุทธจริยศาสตร์ในการดำเนินธุรกิจค่า แจ้งราคา ค่าส่งมาได้เลย #มก #มกบางเขน #ทีมมก #เกษตรศาสตร์ #เกษตรบางเขน #ku,หาหนังสือ พุทธจริยศาสตร์ในการดำเนินธุรกิจค่า แจ้งราคา ค่าส่งมาได้เลย,1,0,0,0,199,formyjule,2024-11-26 10:59:44,2024-11-29 01:25:19,"['มก', 'มกบางเขน', 'ทีมมก', 'เกษตรศาสตร์', 'เกษตรบางเขน', 'ku']",เกษตรศาสตร์
1834528402117967884,เด็ก 68 พร้อมหรือยัง TCAS มาละน้าา (English Below) ดูรายละเอียดเกณฑ์การรับสมัครได้ที่: https://admission.ku.ac.th สอบถามรายละเอียดได้ทาง 02-118-0100 ต่อ 8046 หรือ E-mail: admission@ku.ac.th #tcas68 #tcas #dek68 #เกษตรศาสตร์ #ทีมมก #มก #university #admission #portfolio,เด็ก 68 พร้อมหรือยัง TCAS มาละน้าา (English Below) ดูรายละเอียดเกณฑ์การรับสมัครได้ที่: https://admission.ku.ac.th สอบถามรายละเอียดได้ทาง 02-118-0100 ต่อ 8046 หรือ E-mail: admission@ku.ac.th,0,4,7,5,1019,kasetsart_ku,2024-09-13 09:43:49,2024-11-29 01:25:19,"['tcas68', 'tcas', 'dek68', 'เกษตรศาสตร์', 'ทีมมก', 'มก', 'university', 'admission', 'portfolio']",เกษตรศาสตร์
1856541134694040023,? ส่งต่อหนังสือเรียนวิชา 01132424 Leadership ภาวะผู้นำในองค์กร 250฿ ส่งฟรี จากราคาเต็ม 400฿ ? #ทีมมก #มก #เกษตรบางเขน #เกษตรศาสตร์ #KU #ส่งต่อหนังสือ #หนังสือมือสอง #หนังสือมือสองสภาพดี #ส่งต่อหนังสือเรียน,? ส่งต่อหนังสือเรียนวิชา 01132424 Leadership ภาวะผู้นำในองค์กร 250฿ ส่งฟรี จากราคาเต็ม 400฿ ?,0,0,0,0,439,naaegyo_shop,2024-11-13 03:34:34,2024-11-29 01:25:19,"['ทีมมก', 'มก', 'เกษตรบางเขน', 'เกษตรศาสตร์', 'KU', 'ส่งต่อหนังสือ', 'หนังสือมือสอง', 'หนังสือมือสองสภาพดี', 'ส่งต่อหนังสือเรียน']",เกษตรศาสตร์
1848922301326364982,Reviews #Game  Art Ontario College Advanced Diploma ของ George Brown College #georgebrowncollege #เรียนต่อแคนาดา #อยากอยู่แคนาดา #เรียนต่อต่างประเทศ #bigboxedu #นักเรียนแลกเปลี่ยน #Dek68 #Dek69 #Dek70 #MyGBC #College #Toronto #KU #kasetsart #ทีมมก #มก #เกษตรศาสตร์,Reviews   Art Ontario College Advanced Diploma ของ George Brown College,0,2,3,0,184,bigboxedu,2024-10-23 03:00:02,2024-11-29 01:25:19,"['Game', 'georgebrowncollege', 'เรียนต่อแคนาดา', 'อยากอยู่แคนาดา', 'เรียนต่อต่างประเทศ', 'bigboxedu', 'นักเรียนแลกเปลี่ยน', 'Dek68', 'Dek69', 'Dek70', 'MyGBC', 'College', 'Toronto', 'KU', 'kasetsart', 'ทีมมก', 'มก', 'เกษตรศาสตร์']",เกษตรศาสตร์
1857289788652437607,3 วันสุดท้ายก่อนปิดรับสมัคร!! อย่าพลาดงานวิ่งดีๆ แบบนี้ แล้วพบกัน KU Run 4สมัครกันเต๊อะ อยากเจอ ย้ำ!! สมัครได้ที่ : https://alumni.ku.ac.th/kurun4 หรือสแกน QR Code ในโปสเตอร์ . #KURUN4 #เกษตรศาสตร์ #kasetsart #university #run #exercise #donation #โรงพยาบาลมหาวิทยาลัยเกษตรศาสตร์,3 วันสุดท้ายก่อนปิดรับสมัคร!! อย่าพลาดงานวิ่งดีๆ แบบนี้ แล้วพบกัน KU Run 4สมัครกันเต๊อะ อยากเจอ ย้ำ!! สมัครได้ที่ : https://alumni.ku.ac.th/kurun4 หรือสแกน QR Code ในโปสเตอร์ .,0,0,0,0,376,kasetsart_ku,2024-11-15 05:09:27,2024-11-29 01:25:19,"['KURUN4', 'เกษตรศาสตร์', 'kasetsart', 'university', 'run', 'exercise', 'donation', 'โรงพยาบาลมหาวิทยาลัยเกษตรศาสตร์']",เกษตรศาสตร์
1856644312022618165,*อย่าลืมตรวจสอบคุณสมบัติกับประกาศจากทางมหาวิทยาลัยอีกครั้งก่อนสมัคร . ไม่พลาดทุกข่าวสาร TCAS ต้องโหลด TCASter App มาใช้กันนะ : iOS https://tcaster.info/3P6Lu8h : Android https://tcaster.info/3PdmxYK #TCASter #Mytcas #TCAS67 #TCAS68 #DEK68 #dek69 #KU #เกษตรศาสตร์ #มหาวิทยาลัย #สอบติดมหาลัย,*อย่าลืมตรวจสอบคุณสมบัติกับประกาศจากทางมหาวิทยาลัยอีกครั้งก่อนสมัคร . ไม่พลาดทุกข่าวสาร TCAS ต้องโหลด TCASter App มาใช้กันนะ : iOS https://tcaster.info/3P6Lu8h : Android https://tcaster.info/3PdmxYK,0,0,0,0,1088,TCASterApp,2024-11-13 10:24:33,2024-11-29 01:25:19,"['TCASter', 'Mytcas', 'TCAS67', 'TCAS68', 'DEK68', 'dek69', 'KU', 'เกษตรศาสตร์', 'มหาวิทยาลัย', 'สอบติดมหาลัย']",เกษตรศาสตร์
1834548488585236847,'เปิดครบทั้ง 4 รอบ' แบบไม่มีกั๊ก ม.เกษตรศาสตร์ วิทยาเขตศรีราชา เริ่มรอบพอร์ต 1 ตุลาคมนี้แล้ว! . ไม่พลาดทุกข่าวสาร TCAS ต้องโหลด TCASter App มาใช้กันนะ #TCASter #Mytcas #TCAS68 #DEK68 #admission #portfolio #Quota #DirectAdmission #KU #kasetsart #เกษตรศาสตร์,'เปิดครบทั้ง 4 รอบ' แบบไม่มีกั๊ก ม.เกษตรศาสตร์ วิทยาเขตศรีราชา เริ่มรอบพอร์ต 1 ตุลาคมนี้แล้ว! . ไม่พลาดทุกข่าวสาร TCAS ต้องโหลด TCASter App มาใช้กันนะ,0,5,23,4,2326,TCASterApp,2024-09-13 11:03:38,2024-11-29 01:25:19,"['TCASter', 'Mytcas', 'TCAS68', 'DEK68', 'admission', 'portfolio', 'Quota', 'DirectAdmission', 'KU', 'kasetsart', 'เกษตรศาสตร์']",เกษตรศาสตร์
1856893005283954835,"การประชุมทางวิชาการ มหาวิทยาลัยเกษตรศาสตร์ ครั้งที่ 63 วันที่ 4 - 6 มีนาคม 2568 ภายใต้ธีม ""ปัญญาประดิษฐ์สู่การใช้ประโยชน์และการพัฒนาอย่างยั่งยืน"" #ประชุมวิชาการมหาวิทยาลัยเกษตรศาสตร์ #มหาวิทยาลัย #เกษตรศาสตร์ #มก #kasetsart #ku","การประชุมทางวิชาการ มหาวิทยาลัยเกษตรศาสตร์ ครั้งที่ 63 วันที่ 4 - 6 มีนาคม 2568 ภายใต้ธีม ""ปัญญาประดิษฐ์สู่การใช้ประโยชน์และการพัฒนาอย่างยั่งยืน""",0,2,4,0,835,kasetsart_ku,2024-11-14 02:52:46,2024-11-29 01:25:19,"['ประชุมวิชาการมหาวิทยาลัยเกษตรศาสตร์', 'มหาวิทยาลัย', 'เกษตรศาสตร์', 'มก', 'kasetsart', 'ku']",เกษตรศาสตร์
1839602307543228626,#โตโน่ ภาคิน คำวิลัยศักดิ์ ขึ้นแท่นรักษาการประธานสโมสร #เกษตรศาสตร์เอฟซี ในศึกไทยลีก 2 หลังเกิดปัญหาการบริหารภายในทีมอย่างหนัก ตั้งเป้าสร้างทีมอย่างยั่งยืน พร้อมชวนแฟนบอลอุดหนุนเสื้อแข่ง เพื่อหาเงินมาหมุนเวียนในสโมสร #ภาคินคำวิลัยศักดิ์ #โตโน่ภาคิน #ไทยลีก2 #เกษตรศาสตร์,ภาคิน คำวิลัยศักดิ์ ขึ้นแท่นรักษาการประธานสโมสร  ในศึกไทยลีก 2 หลังเกิดปัญหาการบริหารภายในทีมอย่างหนัก ตั้งเป้าสร้างทีมอย่างยั่งยืน พร้อมชวนแฟนบอลอุดหนุนเสื้อแข่ง เพื่อหาเงินมาหมุนเวียนในสโมสร,3,16,126,2,51254,Thairath_News,2024-09-27 09:45:42,2024-11-29 01:25:19,"['โตโน่', 'เกษตรศาสตร์เอฟซี', 'ภาคินคำวิลัยศักดิ์', 'โตโน่ภาคิน', 'ไทยลีก2', 'เกษตรศาสตร์']",เกษตรศาสตร์
1833432716123247073,ขอเชิญนิสิต มก. ส่งคลิปสั้น (TikTok / Reels) ความยาว 1 นาที ในรูปแบบของคอนเทนต์ประเภทต่างๆ 1. ขำขันบันเทิง 2. กำลังใจให้เพื่อน 3. สร้างแรงบันดาลใจ 4. เนื้อหาความรู้ 5. ความคิดสร้างสรรค์ ร่วมกันส่งเข้ามาเยอะๆ น้าา #เกษตรศาสตร์ #kasetsart #kutob2 #TikTok #tiktokchallenge,ขอเชิญนิสิต มก. ส่งคลิปสั้น (TikTok / Reels) ความยาว 1 นาที ในรูปแบบของคอนเทนต์ประเภทต่างๆ 1. ขำขันบันเทิง 2. กำลังใจให้เพื่อน 3. สร้างแรงบันดาลใจ 4. เนื้อหาความรู้ 5. ความคิดสร้างสรรค์ ร่วมกันส่งเข้ามาเยอะๆ น้าา,0,2,0,1,677,kasetsart_ku,2024-09-10 09:09:57,2024-11-29 01:25:19,"['เกษตรศาสตร์', 'kasetsart', 'kutob2', 'TikTok', 'tiktokchallenge']",เกษตรศาสตร์
1851153420696379834,ขายสัญญาต่อ 8เดือน you3condo ห้อง 1bedroom ค่าเช่าเดือนละ 9000฿ มัดจำ2เดือน ทักมาถามได้นะคับ คุยกันได้ก่อน #มก #ชาวมก #เกษตรศาสตร์ #ขายสัญญา #KU #บางเขน #เกษตรบางเขน #ดีลมก #ดีลเกษตร #พหลโยธิน #พหล34 #คอนโด #หอมก #you3condo,ขายสัญญาต่อ 8เดือน you3condo ห้อง 1bedroom ค่าเช่าเดือนละ 9000฿ มัดจำ2เดือน ทักมาถามได้นะคับ คุยกันได้ก่อน,1,1,0,0,617,cutcotcas,2024-10-29 06:45:42,2024-11-29 01:25:19,"['มก', 'ชาวมก', 'เกษตรศาสตร์', 'ขายสัญญา', 'KU', 'บางเขน', 'เกษตรบางเขน', 'ดีลมก', 'ดีลเกษตร', 'พหลโยธิน', 'พหล34', 'คอนโด', 'หอมก', 'you3condo']",เกษตรศาสตร์
1843517443106627835,ใครรู้บ้างงง จาก bts มหาวิทยาลัยเกษตรศาสตร์ไปศูนย์เรียนรวม 1 ทางไหนได้บ้างคะ #มหาวิทยาลัยเกษตรศาสตร์ #เกษตรศาสตร์ #รับปริญญาเกษตรศาสตร์ #มก #ku,ใครรู้บ้างงง จาก bts มหาวิทยาลัยเกษตรศาสตร์ไปศูนย์เรียนรวม 1 ทางไหนได้บ้างคะ,1,1,0,0,149,khunbammii,2024-10-08 05:03:03,2024-11-29 01:25:19,"['มหาวิทยาลัยเกษตรศาสตร์', 'เกษตรศาสตร์', 'รับปริญญาเกษตรศาสตร์', 'มก', 'ku']",เกษตรศาสตร์
1857440228275028476,ใครไป #ลอยกระทง ที่ #เกษตรศาสตร์ #KU มีมาเฟียมาเก็บเงินค่าจอดรถบนฟุตบาท หรือไม่ครับ? ปล. ปกติเขาไม่ให้จอด แต่วันนี้จนท.อถลุ่มอล่วยให้จอด เพราะไม่มีที่จอดจริงๆ แต่ไม่มีนโยบายให้เก็บเงินครับ,ใครไป  ที่   มีมาเฟียมาเก็บเงินค่าจอดรถบนฟุตบาท หรือไม่ครับ? ปล. ปกติเขาไม่ให้จอด แต่วันนี้จนท.อถลุ่มอล่วยให้จอด เพราะไม่มีที่จอดจริงๆ แต่ไม่มีนโยบายให้เก็บเงินครับ,5,119,137,2,9197,BankSuphanatMin,2024-11-15 15:07:14,2024-11-29 01:25:19,"['ลอยกระทง', 'เกษตรศาสตร์', 'KU']",เกษตรศาสตร์
1852005015759786326,ไปหลอกใครได้บ้างงับ พร้อมแย๊วววว จะหลอกให้ตัวลอยเลย #สาวสอง #สาวอวบ #โสด #เรียล #รัชดา #รัชโยธิน #ลาดพร้าว #เสนานิคม #บางเขน #เกษตรศาสตร์ #halloween2024,ไปหลอกใครได้บ้างงับ พร้อมแย๊วววว จะหลอกให้ตัวลอยเลย,0,1,10,1,2472,MAPING21228,2024-10-31 15:09:39,2024-11-29 01:25:19,"['สาวสอง', 'สาวอวบ', 'โสด', 'เรียล', 'รัชดา', 'รัชโยธิน', 'ลาดพร้าว', 'เสนานิคม', 'บางเขน', 'เกษตรศาสตร์', 'halloween2024']",เกษตรศาสตร์
1853646171530826146,ไม่พลาดทุกข่าวสาร TCAS ต้องโหลด TCASter App มาใช้กันนะ iOS https://tcaster.info/3P6Lu8h Android https://tcaster.info/3PdmxYK . #TCASter #TCAS68 #DEK68 #DEK69 #DEK70 #openhouse #SWU #Burapha #KU #TU #DPU #เกษตรศาสตร์ #มศว #บูรพา #บริหารธุรกิจบัณฑิต #สงขลานครินทร์ #psu #rangsit #รังสิต,ไม่พลาดทุกข่าวสาร TCAS ต้องโหลด TCASter App มาใช้กันนะ iOS https://tcaster.info/3P6Lu8h Android https://tcaster.info/3PdmxYK .,0,0,0,0,783,TCASterApp,2024-11-05 03:51:01,2024-11-29 01:25:19,"['TCASter', 'TCAS68', 'DEK68', 'DEK69', 'DEK70', 'openhouse', 'SWU', 'Burapha', 'KU', 'TU', 'DPU', 'เกษตรศาสตร์', 'มศว', 'บูรพา', 'บริหารธุรกิจบัณฑิต', 'สงขลานครินทร์', 'psu', 'rangsit', 'รังสิต']",เกษตรศาสตร์
1838911352775324105,ความรู้สึกแบบนั้นเกิดขึ้นกับทุกคน ทักทายได้ไหม #บางเขน #เกษตรศาสตร์ #BTSพหลโยธิน59,ความรู้สึกแบบนั้นเกิดขึ้นกับทุกคน ทักทายได้ไหม,0,0,0,0,118,NJ_TW_2021,2024-09-25 12:00:06,2024-11-29 01:25:19,"['บางเขน', 'เกษตรศาสตร์', 'BTSพหลโยธิน59']",เกษตรศาสตร์
1859963408462029205,DM #กทม #thetraffic #เกษตรศาสตร์ #บางเขน,DM,0,0,5,0,513,Dayly47449895,2024-11-22 14:13:27,2024-11-29 01:25:19,"['กทม', 'thetraffic', 'เกษตรศาสตร์', 'บางเขน']",เกษตรศาสตร์
1835189445634527620,#บางเขน #เกษตรศาสตร์ ทักได้ไหม,ทักได้ไหม,0,0,0,0,84,NJ_TW_2021,2024-09-15 05:30:34,2024-11-29 01:25:19,"['บางเขน', 'เกษตรศาสตร์']",เกษตรศาสตร์
1854428574146843096,#ลอยกระทง2567 ปีนี้ใครยังไม่มีแพลนจะไปไหน ลองแวะมาลอยกระทงกันได้ที่มหาวิทยาลัย #เกษตรศาสตร์ ในธีม #ลอยกระทงเฟสติวัล ย้อนเวลาไปยุค 80-90 กลิ่นอายความเป็นไทยที่งดงาม ตรวจสอบข้อมูลรายละเอียดการจัดงาน วิธีการเดินทาง พร้อมทั้งไฮไลต์ภายในงาน,ปีนี้ใครยังไม่มีแพลนจะไปไหน ลองแวะมาลอยกระทงกันได้ที่มหาวิทยาลัย  ในธีม  ย้อนเวลาไปยุค 80-90 กลิ่นอายความเป็นไทยที่งดงาม ตรวจสอบข้อมูลรายละเอียดการจัดงาน วิธีการเดินทาง พร้อมทั้งไฮไลต์ภายในงาน,0,0,1,0,653,Thansettakij,2024-11-07 07:40:00,2024-11-29 01:25:19,"['ลอยกระทง2567', 'เกษตรศาสตร์', 'ลอยกระทงเฟสติวัล']",เกษตรศาสตร์
1833832437182349466,#สอง #อิงค์ #แพร #ครูธัญ #ดีดี #บอส #แม็พ นักศึกษามหาวิทยาลัย #เกษตรศาสตร์ ขอบคุณที่แวะมาพูดคุยสัมภาษณ์กันค่ะ ยินดีมากๆ #พรรคประชาชน,นักศึกษามหาวิทยาลัย  ขอบคุณที่แวะมาพูดคุยสัมภาษณ์กันค่ะ ยินดีมากๆ,0,0,7,0,471,kru_tun,2024-09-11 11:38:18,2024-11-29 01:25:19,"['สอง', 'อิงค์', 'แพร', 'ครูธัญ', 'ดีดี', 'บอส', 'แม็พ', 'เกษตรศาสตร์', 'พรรคประชาชน']",เกษตรศาสตร์
1855813912467521647,บุฟเฟต์ แนวตั้งหมูกระทะ  BTS ม.เกษตร อิ่มอร่อยสุดคุ้ม ในราคา 289.- NET *ราคานี้ รวมแวท และ รีฟิวน้ำแล้ว* #บุฟเฟ่ต์ #บุฟเฟ่ต์หมูกระทะ #แนวตั้งหมูกระทะ #หมูกระทะ #มูเตลู #หมูกระทะเกษตร #หมูกระทะใกล้ฉัน #btsเกษตร #btsเกษตรศาสตร์ #เกษตรบางเขน #มหาลัยเกษตรศาสตร์ #เกษตรศาสตร์,บุฟเฟต์ แนวตั้งหมูกระทะ  BTS ม.เกษตร อิ่มอร่อยสุดคุ้ม ในราคา 289.- NET *ราคานี้ รวมแวท และ รีฟิวน้ำแล้ว*,0,0,1,1,141,NaewtangMukata,2024-11-11 03:24:50,2024-11-29 01:25:19,"['บุฟเฟ่ต์', 'บุฟเฟ่ต์หมูกระทะ', 'แนวตั้งหมูกระทะ', 'หมูกระทะ', 'มูเตลู', 'หมูกระทะเกษตร', 'หมูกระทะใกล้ฉัน', 'btsเกษตร', 'btsเกษตรศาสตร์', 'เกษตรบางเขน', 'มหาลัยเกษตรศาสตร์', 'เกษตรศาสตร์']",เกษตรศาสตร์
1854722554415448455,วันนี้ #เน็ตทรู ขี้หีอีกแล้ว ปัญญาอ่อนไม่จบไม่สิ้น อีค่ายตัวตลก ชั้นต่ำ สวะ อีกไม่ช้ากูจะเปลี่ยนแล้วถ้ามึงยังโง่แบบนี้อยู่,วันนี้  ขี้หีอีกแล้ว ปัญญาอ่อนไม่จบไม่สิ้น อีค่ายตัวตลก ชั้นต่ำ สวะ อีกไม่ช้ากูจะเปลี่ยนแล้วถ้ามึงยังโง่แบบนี้อยู่,1,2,3,0,1738,yEehHl,2024-11-08 03:08:10,2024-11-29 01:26:05,['เน็ตทรู'],เน็ตทรู
1852514991859265814,วันนี้ที่หน้าบ้านขึ้น True-T 4G คืออะไร อยากรู้เลยลองเทสดู โอ้โห ดาวน์โหลดพุ่งเลย #เน็ตทรู,วันนี้ที่หน้าบ้านขึ้น True-T 4G คืออะไร อยากรู้เลยลองเทสดู โอ้โห ดาวน์โหลดพุ่งเลย,0,0,1,0,310,pcypcrptk,2024-11-02 00:56:06,2024-11-29 01:26:05,['เน็ตทรู'],เน็ตทรู
1853427242241773652,แม่งน่าเบื่อ น่ารำคาญ อย่างปีที่แล้ว #เน็ตทรู ก็เดี๋ยวเร็ว เดี๋ยวช้า ด่าทุกวัน ปีนี้เหมือนจะดีขึ้น แต่ก็ยังมีช้าอยู่บ้าง จนสองวันมานี้ คือหลุดไปเลย กว่าจะได้ใช้ รอไปเหอะ 30 นาทีขึ้น คือถ้าทำให้มันดีไม่ได้ ก็ไม่ต้องมีไปเหอะ แม่งเสียเวลาชีวิตชิบหาย,แม่งน่าเบื่อ น่ารำคาญ อย่างปีที่แล้ว  ก็เดี๋ยวเร็ว เดี๋ยวช้า ด่าทุกวัน ปีนี้เหมือนจะดีขึ้น แต่ก็ยังมีช้าอยู่บ้าง จนสองวันมานี้ คือหลุดไปเลย กว่าจะได้ใช้ รอไปเหอะ 30 นาทีขึ้น คือถ้าทำให้มันดีไม่ได้ ก็ไม่ต้องมีไปเหอะ แม่งเสียเวลาชีวิตชิบหาย,0,4,2,0,539,jelmailme,2024-11-04 13:21:04,2024-11-29 01:26:05,['เน็ตทรู'],เน็ตทรู
1850444011808637017,แย่มากอยู่ๆขึ้นแบบนี้ ลอวเปิดปิดใหม่ไม่ได้ โทรหาคิลเซ็นเตอร์พนักงานตะคอกเสียงใส่แล้ววางสาย กูจะบ้า นี่เหมือนขอทานขอเน็ตใช้อ่า #เน็ตทรูล่ม #เน็ตทรู,แย่มากอยู่ๆขึ้นแบบนี้ ลอวเปิดปิดใหม่ไม่ได้ โทรหาคิลเซ็นเตอร์พนักงานตะคอกเสียงใส่แล้ววางสาย กูจะบ้า นี่เหมือนขอทานขอเน็ตใช้อ่า,2,6,12,0,6919,wwsre_,2024-10-27 07:46:46,2024-11-29 01:26:05,"['เน็ตทรูล่ม', 'เน็ตทรู']",เน็ตทรู
1843211015812747346,ไม่ไหวกับเน็ตทรูละ ใครจะย้ายมาหนีไป เล่นไม่ได้มา 4 วันแล้ว พึ่งเคยพบเคยเจอเหี้ยมาก #เน็ตทรู,ไม่ไหวกับเน็ตทรูละ ใครจะย้ายมาหนีไป เล่นไม่ได้มา 4 วันแล้ว พึ่งเคยพบเคยเจอเหี้ยมาก,4,9,20,1,8857,M_o_o_n05,2024-10-07 08:45:26,2024-11-29 01:26:05,['เน็ตทรู'],เน็ตทรู
1842534454771978344,โครตไม่โอเคร คือเรื่องมันเกิดเพราะ ทรูโทรมา (ซึ่งโทรมาทุกอาทิตย์ ) พอรับสายก็เสนอเน็ตฯรายเดือน เดือนแระฝก199 เดือนต่อไป299 เลยถามว่าโทรยกเลิกได้ไหมถ้าครบ1 เดือนเพราะขี้เกียจออกเดินทาง admin บอกว่าได้เลยสมัครพอจะสิ้นเดือนก็โทรตามที่ admin บอกแต่โทรไม่ติดโทรไม่ได้ #เน็ตทรู,โครตไม่โอเคร คือเรื่องมันเกิดเพราะ ทรูโทรมา (ซึ่งโทรมาทุกอาทิตย์ ) พอรับสายก็เสนอเน็ตฯรายเดือน เดือนแระฝก199 เดือนต่อไป299 เลยถามว่าโทรยกเลิกได้ไหมถ้าครบ1 เดือนเพราะขี้เกียจออกเดินทาง admin บอกว่าได้เลยสมัครพอจะสิ้นเดือนก็โทรตามที่ admin บอกแต่โทรไม่ติดโทรไม่ได้,2,0,0,0,115,ph2438694437001,2024-10-05 11:57:01,2024-11-29 01:26:05,['เน็ตทรู'],เน็ตทรู
1843644689695826123,โทรหา Call center รอสาย 13นาทีทุกรอบ กว่าเจ้าหน้าที่จะรับสาย เป็นอะไรหรอคะ? #ทรู #เน็ตทรู @TrueMoveH,โทรหา Call center รอสาย 13นาทีทุกรอบ กว่าเจ้าหน้าที่จะรับสาย เป็นอะไรหรอคะ?   @TrueMoveH,1,0,4,0,1296,Nemodo313,2024-10-08 13:28:41,2024-11-29 01:26:05,"['ทรู', 'เน็ตทรู']",เน็ตทรู
1834163168584864061,สัญญาณเน็ตหายมาหลายวันละ แจ้งไปก็ไม่ได้อะไร #เน็ตทรู @TrueMoveH,สัญญาณเน็ตหายมาหลายวันละ แจ้งไปก็ไม่ได้อะไร  @TrueMoveH,1,0,6,0,912,penkonkonnan,2024-09-12 09:32:31,2024-11-29 01:26:05,['เน็ตทรู'],เน็ตทรู
1855909309533880358,ใกล้แล้ว ใกล้จะไปย้ายค่ายแล้วค่าาา เน็ตช้า หลุดทุกชั่วโมง ตอนจ่ายคาเน็ตจ่ายเต็มตลอดนะคะ แต่ใช้ไม่ได้แบบนี้ทาง @TrueMoveH รับผิดชอบยังไง นานๆเกิดปัญหาพอเข้าใจ แต่อันนี้เกิดทุกวัน เกิดทุกนาที ไม่คิดจะปรับปรุงเลยหรอ #เน็ตทรู #เน็ตทรู,ใกล้แล้ว ใกล้จะไปย้ายค่ายแล้วค่าาา เน็ตช้า หลุดทุกชั่วโมง ตอนจ่ายคาเน็ตจ่ายเต็มตลอดนะคะ แต่ใช้ไม่ได้แบบนี้ทาง @TrueMoveH รับผิดชอบยังไง นานๆเกิดปัญหาพอเข้าใจ แต่อันนี้เกิดทุกวัน เกิดทุกนาที ไม่คิดจะปรับปรุงเลยหรอ,1,2,1,0,630,the_td23,2024-11-11 09:43:55,2024-11-29 01:26:05,"['เน็ตทรู', 'เน็ตทรู']",เน็ตทรู
1834102292213375217,วันนี้เน็ตทรูใช้งายไม่ได้เลย #ทรู #เน็ตทรู #ทรูมูฟ #true #truemove ทรูมูฟ สงสัยได้มูฟไปเอไอเอส,วันนี้เน็ตทรูใช้งายไม่ได้เลย      ทรูมูฟ สงสัยได้มูฟไปเอไอเอส,0,0,1,1,720,ice_jpp,2024-09-12 05:30:37,2024-11-29 01:26:05,"['ทรู', 'เน็ตทรู', 'ทรูมูฟ', 'true', 'truemove']",เน็ตทรู
1845660805213098016,ไอเชี้ยเอ้ยยย เน็ตก็แพง ยังกากอีกกูจะบ้า เล่นเน็ตไม่ได้ตั้งแต่เช้าจนตอนนี้ ปรับปรุงหน่อยยย!!!! #เน็ตทรู,ไอเชี้ยเอ้ยยย เน็ตก็แพง ยังกากอีกกูจะบ้า เล่นเน็ตไม่ได้ตั้งแต่เช้าจนตอนนี้ ปรับปรุงหน่อยยย!!!!,0,0,0,0,283,jarrksn,2024-10-14 03:00:01,2024-11-29 01:26:05,['เน็ตทรู'],เน็ตทรู
1849486305836822721,สามวันเน็ตยังกากไม่หาย ทำอะไรไม่ได้จนต้องสลับมาใช้รายวันค่ายเขียวรอ เมื่อไหร่จะแก้ไขให้มันสมราคาโปร #เน็ตทรู,สามวันเน็ตยังกากไม่หาย ทำอะไรไม่ได้จนต้องสลับมาใช้รายวันค่ายเขียวรอ เมื่อไหร่จะแก้ไขให้มันสมราคาโปร,0,1,0,0,387,baifin_pj,2024-10-24 16:21:11,2024-11-29 01:26:05,['เน็ตทรู'],เน็ตทรู
1856084076706574719,ใช้เน็ตได้เปลืองมาก #DOGE #Dogecoin #jesjpp #Jin_RunningWild #LISAFANMEETUPinSG #LISAxSingaporeFanMeet #LISAxTheWhiteLotus #TikTokShop1111Day2 #treasure #winynny #ais #AIs #ais5gxbus #gomo #เทรนวันนี้ #เน็ตทรู #เน็ต,ใช้เน็ตได้เปลืองมาก,1,0,1,0,153,jonnn255363,2024-11-11 21:18:22,2024-11-29 01:26:05,"['DOGE', 'Dogecoin', 'jesjpp', 'Jin_RunningWild', 'LISAFANMEETUPinSG', 'LISAxSingaporeFanMeet', 'LISAxTheWhiteLotus', 'TikTokShop1111Day2', 'treasure', 'winynny', 'ais', 'AIs', 'ais5gxbus', 'gomo', 'เทรนวันนี้', 'เน็ตทรู', 'เน็ต']",เน็ตทรู
1842459712882942439,"ใหม่! แพ็กเกจดูบอลพรีเมียร์ลีก เหมาดูจบฤดูกาล 2024/25 สะใจความคมชัดระดับ HD สมัคร EPL ดูได้ทั้งฤดูกาล เพียง 3,990 บาท กด *900*7573# หรือ https://true.th/entertainment/epl 1 ต.ค. 67 - 31 ต.ค. 67 #เติมแพ็กเสริม #เน็ตทรู #EPL #ทรูพรีเมียร์ลีก","ใหม่! แพ็กเกจดูบอลพรีเมียร์ลีก เหมาดูจบฤดูกาล 2024/25 สะใจความคมชัดระดับ HD สมัคร EPL ดูได้ทั้งฤดูกาล เพียง 3,990 บาท กด *900*7573# หรือ https://true.th/entertainment/epl 1 ต.ค. 67 - 31 ต.ค. 67",1,0,0,0,2120,TrueMoveH,2024-10-05 07:00:01,2024-11-29 01:26:05,"['เติมแพ็กเสริม', 'เน็ตทรู', 'EPL', 'ทรูพรีเมียร์ลีก']",เน็ตทรู
1842747745213538626,ไอ้เหี้ย เน็ตทรูเป็นไรอีก ดีขึ้นได้อาทิตย์เดียวมึงล่มอีกแล้วหรอ #เน็ตทรู,ไอ้เหี้ย เน็ตทรูเป็นไรอีก ดีขึ้นได้อาทิตย์เดียวมึงล่มอีกแล้วหรอ,0,0,0,0,562,Znorhbhra,2024-10-06 02:04:33,2024-11-29 01:26:05,['เน็ตทรู'],เน็ตทรู
1851321289971286173,สงสัยคือเน็ตค่ายนี้มันจะทำคุณภาพให้สมราคาจนจบโปรจะมีใครเสียประโยชน์จนขาดอากาศหายใจตายมั้ยเน็ตเหี้ยเหลือเกินกูว่าสมัยเน็ตวันละ9฿ ยังแรงกว่าวันละ 34฿ ตอนนี้อ่ะตอนนี้คือมึงเป็นเหี้ยอะไรนักหนาเน็ตเหี้ยพนักงานaiเหี้ยหมดทุกอย่างจนกุจะแจ้งกสทชละ @TrueMoveH #เน็ตทรู,สงสัยคือเน็ตค่ายนี้มันจะทำคุณภาพให้สมราคาจนจบโปรจะมีใครเสียประโยชน์จนขาดอากาศหายใจตายมั้ยเน็ตเหี้ยเหลือเกินกูว่าสมัยเน็ตวันละ9฿ ยังแรงกว่าวันละ 34฿ ตอนนี้อ่ะตอนนี้คือมึงเป็นเหี้ยอะไรนักหนาเน็ตเหี้ยพนักงานaiเหี้ยหมดทุกอย่างจนกุจะแจ้งกสทชละ @TrueMoveH,1,1,3,0,484,iamamip,2024-10-29 17:52:46,2024-11-29 01:26:05,['เน็ตทรู'],เน็ตทรู
1859404667329163311,เน็ตทรูล่มไหมคะ #เน็ตทรู,เน็ตทรูล่มไหมคะ,0,0,1,0,1329,shop_shuu,2024-11-21 01:13:13,2024-11-29 01:26:05,['เน็ตทรู'],เน็ตทรู
1855974056866255331,เน็ตทรูเป็นเหี้ยไร #เน็ตทรู,เน็ตทรูเป็นเหี้ยไร,0,0,0,0,355,oneisantaijin,2024-11-11 14:01:12,2024-11-29 01:26:05,['เน็ตทรู'],เน็ตทรู
1849365375353512362,ล่าสุด สรุปเราเป็นคนเดียวหรือมันล่มอยู่ล่ะ #เน็ตทรูล่ม #เน็ตทรู #ทรูมูฟล่ม #หมูเด้ง,ล่าสุด สรุปเราเป็นคนเดียวหรือมันล่มอยู่ล่ะ,0,0,0,0,2308,GBDJTJCGPMIj11F,2024-10-24 08:20:39,2024-11-29 01:26:05,"['เน็ตทรูล่ม', 'เน็ตทรู', 'ทรูมูฟล่ม', 'หมูเด้ง']",เน็ตทรู
1848347321102487814,เน็ตทรูทำตัวอุบาวท์มาก ปกติเราใช้รายเดือนโปร449 ทีนี้มีคอลเซ็นเตอร์โทรมาเสนอโปรใหม่ 599 แต่เราก็ไม่ได้เปลี่ยน ทางนั้นก็เสนออีกเป็นโปร499 เราก็บอกว่าไม่เปลี่ยน พอใจในโปรที่ใช้อยู่ พอจะจบบทสนทนา ทางคอลเซ็นเตอร์คนนั้นดันจะเปลี่ยนโปรให้เราเฉย ทั้งที่เราไม่ได้ตอบตกลงเลย (ต่อ) #เน็ตทรู,เน็ตทรูทำตัวอุบาวท์มาก ปกติเราใช้รายเดือนโปร449 ทีนี้มีคอลเซ็นเตอร์โทรมาเสนอโปรใหม่ 599 แต่เราก็ไม่ได้เปลี่ยน ทางนั้นก็เสนออีกเป็นโปร499 เราก็บอกว่าไม่เปลี่ยน พอใจในโปรที่ใช้อยู่ พอจะจบบทสนทนา ทางคอลเซ็นเตอร์คนนั้นดันจะเปลี่ยนโปรให้เราเฉย ทั้งที่เราไม่ได้ตอบตกลงเลย (ต่อ),2,0,1,0,1277,nnnnnnnnnnno12,2024-10-21 12:55:16,2024-11-29 01:26:05,['เน็ตทรู'],เน็ตทรู
1844618826811572254,เน็ตทรู เฮี้ยมากนะ เป็นไรก่อน หมุนทั้งวัน #เน็ตทรู,เน็ตทรู เฮี้ยมากนะ เป็นไรก่อน หมุนทั้งวัน,0,0,1,0,391,1992Onnapa,2024-10-11 05:59:34,2024-11-29 01:26:05,['เน็ตทรู'],เน็ตทรู
1850530713994416545,เน็ตค่ายเหี้ยนี่แม่งส้นตีนล่มทุกวันแล้วไม่แก้เหี้ยอะไรเลยกูขอให้ล่มจมสักวันเถอะอีเวรพ่อมึงตาย #เน็ตทรู,เน็ตค่ายเหี้ยนี่แม่งส้นตีนล่มทุกวันแล้วไม่แก้เหี้ยอะไรเลยกูขอให้ล่มจมสักวันเถอะอีเวรพ่อมึงตาย,1,0,10,0,1018,iamamip,2024-10-27 13:31:18,2024-11-29 01:26:05,['เน็ตทรู'],เน็ตทรู
1857279347465621978,เน็ตกากมากเวรสุดๆ #เน็ตทรูล่ม #เน็ตทรู,เน็ตกากมากเวรสุดๆ,0,1,0,0,790,GBDJTJCGPMIj11F,2024-11-15 04:27:57,2024-11-29 01:26:05,"['เน็ตทรูล่ม', 'เน็ตทรู']",เน็ตทรู
1856325146228994399,เน็ตทรูเป็นไรอีกละ #เน็ตทรู,เน็ตทรูเป็นไรอีกละ,0,0,0,0,429,nnnnnnnnnnno12,2024-11-12 13:16:18,2024-11-29 01:26:05,['เน็ตทรู'],เน็ตทรู
1841356145262502134,เน็ตบ้านทรูใช้งานไม่ได้ โทร1242 บอกว่าเน็ตในพื้นที่มีปัญหาจะใช้งานไม่ได้รอดำเนินการคาดว่าจะเสร็จในอีก1วัน กูจะบ้าา #เน็ตทรู,เน็ตบ้านทรูใช้งานไม่ได้ โทร1242 บอกว่าเน็ตในพื้นที่มีปัญหาจะใช้งานไม่ได้รอดำเนินการคาดว่าจะเสร็จในอีก1วัน กูจะบ้าา,0,1,0,0,134,wat82597,2024-10-02 05:54:50,2024-11-29 01:26:05,['เน็ตทรู'],เน็ตทรู
1843886697966383536,เน็ตบ้านลูกค้าล่มนานกว่า24ชม.แล้ว ไม่ตรวจสอบบ้างเลยหรอพรี่ มันไม่ขึ้นสัญญาณเตือนทางค่ายบ้างหรอว่าลูกค้ามีปัญหา โทรหาก็ปล่อยเบลอหรอ ยังอยากทำอยู่ไหมคะ ไม่ทำก็ปิดค่ายค่ะ #เน็ตทรู,เน็ตบ้านลูกค้าล่มนานกว่า24ชม.แล้ว ไม่ตรวจสอบบ้างเลยหรอพรี่ มันไม่ขึ้นสัญญาณเตือนทางค่ายบ้างหรอว่าลูกค้ามีปัญหา โทรหาก็ปล่อยเบลอหรอ ยังอยากทำอยู่ไหมคะ ไม่ทำก็ปิดค่ายค่ะ,0,1,3,0,112,Paoyingchu16382,2024-10-09 05:30:21,2024-11-29 01:26:05,['เน็ตทรู'],เน็ตทรู
1849793602312077798,เน็ตบ้านล่มทั้งวันมึงยังแก้ไม่เสร็จอีกหรอคุณน้า ล่มตั้งแต่กูไปหาหมอแต่เช้ายันตอนนี้ จะ 2 ทุ่มละนะคุณพี่ ? #เน็ตทรู @TrueMoveH,เน็ตบ้านล่มทั้งวันมึงยังแก้ไม่เสร็จอีกหรอคุณน้า ล่มตั้งแต่กูไปหาหมอแต่เช้ายันตอนนี้ จะ 2 ทุ่มละนะคุณพี่ ?  @TrueMoveH,1,1,0,0,961,xfucxwhale_,2024-10-25 12:42:16,2024-11-29 01:26:05,['เน็ตทรู'],เน็ตทรู
1859651763680444471,เน็ตบ้านเอาอีกละ สัญญาณขาดๆหายๆตลอด รอบนี้อยู่ดีๆก็หายยาวเลย ต้องเปลี่ยนค่ายแล้วมั้ง #เน็ตทรู,เน็ตบ้านเอาอีกละ สัญญาณขาดๆหายๆตลอด รอบนี้อยู่ดีๆก็หายยาวเลย ต้องเปลี่ยนค่ายแล้วมั้ง,0,0,1,0,271,natti_ty,2024-11-21 17:35:05,2024-11-29 01:26:05,['เน็ตทรู'],เน็ตทรู
1836919433744502797,เน็ตบ้านใช้ไม่ได้24ชม.แล้วจร้ คนแก่ที่บ้านบ่นจะให้ย้ายค้ายแล้ว #เน็ตทรู #เน็ตบ้านทรู @true_online @TrueMoveH,เน็ตบ้านใช้ไม่ได้24ชม.แล้วจร้ คนแก่ที่บ้านบ่นจะให้ย้ายค้ายแล้ว   @true_online @TrueMoveH,1,0,1,0,913,mynameis_small,2024-09-20 00:04:55,2024-11-29 01:26:05,"['เน็ตทรู', 'เน็ตบ้านทรู']",เน็ตทรู
1837359827020099897,เน็ตบ้านใช้ไม่ได้ตั้งวันพฤหัสจนวันเสาร์ก็ยังใช้ไม่ได้เหมือนเดิม #เน็ตทรู ลูกค้าเดือดร้อนมากี่วันแล้วไม่คิดจะแก้ไขหน่อยหรอคะ @TrueMoveH,เน็ตบ้านใช้ไม่ได้ตั้งวันพฤหัสจนวันเสาร์ก็ยังใช้ไม่ได้เหมือนเดิม  ลูกค้าเดือดร้อนมากี่วันแล้วไม่คิดจะแก้ไขหน่อยหรอคะ @TrueMoveH,1,0,0,0,550,Pukphin,2024-09-21 05:14:53,2024-11-29 01:26:05,['เน็ตทรู'],เน็ตทรู
1852933470282187165,แม่ เป็นอะไรนักหนาวะเน็ต4g ก็ใช้ไม่ได้ต้องใช้3g #เน็ตทรู #เน็ตทรูล่ม,แม่ เป็นอะไรนักหนาวะเน็ต4g ก็ใช้ไม่ได้ต้องใช้3g,0,0,0,0,857,GBDJTJCGPMIj11F,2024-11-03 04:38:59,2024-11-29 01:26:05,"['เน็ตทรู', 'เน็ตทรูล่ม']",เน็ตทรู
1847517109565477119,เน็ตหมุนทั้งวันทุกวันตั้งแต่6โมง ไอสัสเน็ตเหี้ยอะไรเนี่ยย #เน็ตทรู,เน็ตหมุนทั้งวันทุกวันตั้งแต่6โมง ไอสัสเน็ตเหี้ยอะไรเนี่ยย,0,0,0,0,241,jarrksn,2024-10-19 05:56:18,2024-11-29 01:26:05,['เน็ตทรู'],เน็ตทรู
1843615244842942585,อินเตอร์เน็ตทรูห่วยมาก #truemoveh #เน็ตทรู,อินเตอร์เน็ตทรูห่วยมาก,0,0,0,0,410,tamjaigukondeaw,2024-10-08 11:31:41,2024-11-29 01:26:05,"['truemoveh', 'เน็ตทรู']",เน็ตทรู
1837404460001513774,เน็ตเป็นเหี้ยอะไรอะช่วงนี้ คืออืดแบบอุบาดมาก สัญญาณมีขีดเดียว ค่าเน๋ตเสียเท่าเดิม แตาความเร็วเน็ตกูไม่เท่าเดิม ควาย #เน็ตทรู,เน็ตเป็นเหี้ยอะไรอะช่วงนี้ คืออืดแบบอุบาดมาก สัญญาณมีขีดเดียว ค่าเน๋ตเสียเท่าเดิม แตาความเร็วเน็ตกูไม่เท่าเดิม ควาย,0,1,5,0,534,yumi_n13,2024-09-21 08:12:15,2024-11-29 01:26:05,['เน็ตทรู'],เน็ตทรู
1841719821026918511,เน็ตเล่นไรไม่ได้เลย ขึ้น3G แต่ไม่มีเน็ตให้เล่น งง จ่ายทุกเดือน ๆๆ วันนี้ก็ยังเป็น #เน็ตทรู,เน็ตเล่นไรไม่ได้เลย ขึ้น3G แต่ไม่มีเน็ตให้เล่น งง จ่ายทุกเดือน ๆๆ วันนี้ก็ยังเป็น,1,0,0,0,431,angeisww,2024-10-03 05:59:57,2024-11-29 01:26:05,['เน็ตทรู'],เน็ตทรู
1839205324273889306,อัปปรีได้ทุกวันจริงๆเน็ตมึงเนี่ย @TrueMoveH #เน็ตทรู,อัปปรีได้ทุกวันจริงๆเน็ตมึงเนี่ย @TrueMoveH,1,0,2,0,1508,mameww_mameww1,2024-09-26 07:28:14,2024-11-29 01:26:05,['เน็ตทรู'],เน็ตทรู
1850096883609518413,อยู่ๆก็ใช้ไม่ได้เลย ตอนนี้ใช้ ais อยู่ แต่อีกเครื่องใช้ทรู เป็นอะไรอีกเนี้ยยย #เน็ตทรูล่ม #เน็ตทรู #ทรูมูฟล่ม #หมูเด้ง,อยู่ๆก็ใช้ไม่ได้เลย ตอนนี้ใช้ ais อยู่ แต่อีกเครื่องใช้ทรู เป็นอะไรอีกเนี้ยยย,0,0,1,0,955,GBDJTJCGPMIj11F,2024-10-26 08:47:24,2024-11-29 01:26:05,"['เน็ตทรูล่ม', 'เน็ตทรู', 'ทรูมูฟล่ม', 'หมูเด้ง']",เน็ตทรู
1853437571801731180,อยากรู้ค่ะว่า ในกรณีที่เน็ตมีปัญหาใช้ไม่ได้ตั้งแต่ 6 โมงเย็น โทรไป call center ก็ไม่ได่คุยกับพนักงานซักที วนซ้ำๆอยู่นั่นแหละว่าชุมสายมีปัญหา กว่าจะเล่นคือพรุ่งนี้เย็น ทางทรูมีอะไรชดเชยลูกค้ามั้ยคะ ? @TrueMoveH #เน็ตทรู,อยากรู้ค่ะว่า ในกรณีที่เน็ตมีปัญหาใช้ไม่ได้ตั้งแต่ 6 โมงเย็น โทรไป call center ก็ไม่ได่คุยกับพนักงานซักที วนซ้ำๆอยู่นั่นแหละว่าชุมสายมีปัญหา กว่าจะเล่นคือพรุ่งนี้เย็น ทางทรูมีอะไรชดเชยลูกค้ามั้ยคะ ? @TrueMoveH,1,0,0,0,535,Sthss_W,2024-11-04 14:02:06,2024-11-29 01:26:05,['เน็ตทรู'],เน็ตทรู
1841791533642875338,เน็ตเหี้ยมากค่ะอีดอกเห็ด วันนี้ใช้เน็ตไม่ได้ตั้งแต่สิบโมง ใช้ได้ก็ช้าจนทำheeไรไม่ได้เลย คนจะทำงานทำการ อัปไฟล์อะไรก็ไม่ได้ อีเปรต จ่ายตังแพงทุกเดือนนะ เอาเปรียบมาก ถ้าเหี้ยกว่านี้ กุจะย้ายค่ายแล้วค่ะ ลาก่อน #เน็ตทรู,เน็ตเหี้ยมากค่ะอีดอกเห็ด วันนี้ใช้เน็ตไม่ได้ตั้งแต่สิบโมง ใช้ได้ก็ช้าจนทำheeไรไม่ได้เลย คนจะทำงานทำการ อัปไฟล์อะไรก็ไม่ได้ อีเปรต จ่ายตังแพงทุกเดือนนะ เอาเปรียบมาก ถ้าเหี้ยกว่านี้ กุจะย้ายค่ายแล้วค่ะ ลาก่อน,0,0,3,0,556,maichaijaneprew,2024-10-03 10:44:55,2024-11-29 01:26:05,['เน็ตทรู'],เน็ตทรู
1852531768672559157,เป็นเหี้ยอะไรอีกลูกอีหน่อแตดอีค่ายเหี้ยนี่หมุนติ้วๆขยันซ่อมขยันอัปเดตเหี้ยลงๆ #ทรู #เน็ตทรู #เน็ตทรูล่ม,เป็นเหี้ยอะไรอีกลูกอีหน่อแตดอีค่ายเหี้ยนี่หมุนติ้วๆขยันซ่อมขยันอัปเดตเหี้ยลงๆ,0,5,4,1,1311,piggy14853203,2024-11-02 02:02:46,2024-11-29 01:26:05,"['ทรู', 'เน็ตทรู', 'เน็ตทรูล่ม']",เน็ตทรู
1837820109756276791,เห้อๆๆๆๆๆๆๆๆๆ ที่สุดแห่งความเหี้ย เห้อๆๆๆๆๆๆๆๆๆๆๆ #เน็ตทรู,เห้อๆๆๆๆๆๆๆๆๆ ที่สุดแห่งความเหี้ย เห้อๆๆๆๆๆๆๆๆๆๆๆ,0,0,0,0,424,aarnafa,2024-09-22 11:43:53,2024-11-29 01:26:05,['เน็ตทรู'],เน็ตทรู
1847299162628661578,หลุดอยู่ได้ขนาดฝนหยุดละยังหลุดเน็ตบ้านอะ เงินก็เก็บก่อน ไม่ค่อยมีบริการอะไรที่ประทับใจเลย เวรกรรมอะไรของคอนโดที่ต้องเลือกใช้ได้แค่เน็ตทรูอะ ถ้าเลือกได้ไม่มีวันจะใช้เน็ตแบนนี้แน่ #เน็ตทรู,หลุดอยู่ได้ขนาดฝนหยุดละยังหลุดเน็ตบ้านอะ เงินก็เก็บก่อน ไม่ค่อยมีบริการอะไรที่ประทับใจเลย เวรกรรมอะไรของคอนโดที่ต้องเลือกใช้ได้แค่เน็ตทรูอะ ถ้าเลือกได้ไม่มีวันจะใช้เน็ตแบนนี้แน่,0,0,0,0,379,myaiemm,2024-10-18 15:30:16,2024-11-29 01:26:05,['เน็ตทรู'],เน็ตทรู
1835861234438005069,ส่องแพ็กเกจเน็ตรายเดือน YOU สำหรับนักเรียนนักศึกษา True5G คุ้มจนต้องบอกต่อ https://news.trueid.net/detail/yKd2dlaRdmNk #TrueIDCreator #True #True5G #เน็ตไม่อั้น #ทรู #เน็ตทรู #แพ็กเกจรายเดือนYOU,ส่องแพ็กเกจเน็ตรายเดือน YOU สำหรับนักเรียนนักศึกษา True5G คุ้มจนต้องบอกต่อ https://news.trueid.net/detail/yKd2dlaRdmNk,0,0,1,0,940,TrueID_TH,2024-09-17 02:00:01,2024-11-29 01:26:05,"['TrueIDCreator', 'True', 'True5G', 'เน็ตไม่อั้น', 'ทรู', 'เน็ตทรู', 'แพ็กเกจรายเดือนYOU']",เน็ตทรู
1850908262021136454,เอ้า อีกละ #เน็ตทรู อยู่ก็เหี้ย พ่องตาย,เอ้า อีกละ  อยู่ก็เหี้ย พ่องตาย,0,0,1,0,386,LM_Lalisa_M,2024-10-28 14:31:32,2024-11-29 01:26:05,['เน็ตทรู'],เน็ตทรู
1854912970301882740,อีกไม่กี่เดือนหมดสัญญา เจอกูย้ายค่ะ ไม่ทนแล้ว ถึงอีค่ายเขียวจะส้นตีนหนังหมาก็เหอะ #เน็ตทรู,อีกไม่กี่เดือนหมดสัญญา เจอกูย้ายค่ะ ไม่ทนแล้ว ถึงอีค่ายเขียวจะส้นตีนหนังหมาก็เหอะ,0,0,0,0,471,mikamimi16799,2024-11-08 15:44:49,2024-11-29 01:26:05,['เน็ตทรู'],เน็ตทรู
1838199103844655250,เน็ตทรูล่มหรอ อยู่ดีๆ เล่นไม่ได้เฉย #เน็ตทรู,เน็ตทรูล่มหรอ อยู่ดีๆ เล่นไม่ได้เฉย,1,2,1,0,1360,sometime____8,2024-09-23 12:49:53,2024-11-29 01:26:05,['เน็ตทรู'],เน็ตทรู
1827740562218430514,มึงคือกูจะติวการบ้านกับเพื่อน สัญญาณหนังหมาฉิบหาย #เน็ตทรู,มึงคือกูจะติวการบ้านกับเพื่อน สัญญาณหนังหมาฉิบหาย,0,0,1,0,448,mikamimi16799,2024-08-25 16:11:22,2024-11-29 01:26:05,['เน็ตทรู'],เน็ตทรู
1850934780319474174,รอแชทกับพนง.ทรูจนท้อแล้ว จะได้คุยกี่โมงน้ออออ ส่องไปตั้งแต่ 22.47 ตอนนี้ยังไม่ได้คุยเลยคุรพรี่ #เน็ตทรู,รอแชทกับพนง.ทรูจนท้อแล้ว จะได้คุยกี่โมงน้ออออ ส่องไปตั้งแต่ 22.47 ตอนนี้ยังไม่ได้คุยเลยคุรพรี่,0,0,1,0,294,fon_wty,2024-10-28 16:16:54,2024-11-29 01:26:05,['เน็ตทรู'],เน็ตทรู
1848753443076509948,"จ่ายเดือนละ 1,300 คุณภาพเน็ต 3 บาท บ๊ายบายกันแน่สิ้นเดือน #เน็ตทรู","จ่ายเดือนละ 1,300 คุณภาพเน็ต 3 บาท บ๊ายบายกันแน่สิ้นเดือน",0,0,1,0,336,mint_ptg,2024-10-22 15:49:03,2024-11-29 01:26:05,['เน็ตทรู'],เน็ตทรู
1850069858370867573,คุ้มที่สุด! แพ็กเกจรายปี VIU Premium ทั้งลูกค้าแบบเติมเงินและรายเดือน พิเศษฟรี! เน็ตดู VIU ฟรีไม่อั้นทั้งปี 699 บ. 365 วัน สมัครกด *900*7114# รับเพิ่ม! เน็ตเต็มสปีด 12GB สมัคร คลิก http://tmvh.co/c311 หรือสมัครผ่านเว็บ https://true.th/entertainment/streaming/viu #เน็ตทรู,คุ้มที่สุด! แพ็กเกจรายปี VIU Premium ทั้งลูกค้าแบบเติมเงินและรายเดือน พิเศษฟรี! เน็ตดู VIU ฟรีไม่อั้นทั้งปี 699 บ. 365 วัน สมัครกด *900*7114# รับเพิ่ม! เน็ตเต็มสปีด 12GB สมัคร คลิก http://tmvh.co/c311 หรือสมัครผ่านเว็บ https://true.th/entertainment/streaming/viu,0,0,0,0,930,TrueMoveH,2024-10-26 07:00:01,2024-11-29 01:26:05,['เน็ตทรู'],เน็ตทรู
1857679999253315748,คุ้มที่สุด! แพ็กเกจ VIU Premium พิเศษฟรี! เน็ตดู VIU ฟรีไม่อั้น 79 บ. 30 วัน + เน็ต 4GB สมัครกด *900*7432# 699 บ. 365 วัน + เน็ต 12GB สมัครกด *900*7114# สมัคร คลิก http://tmvh.co/c311 1 พ.ย. 67 - 31 ธ.ค. 67,คุ้มที่สุด! แพ็กเกจ VIU Premium พิเศษฟรี! เน็ตดู VIU ฟรีไม่อั้น 79 บ. 30 วัน + เน็ต 4GB สมัครกด *900*7432# 699 บ. 365 วัน + เน็ต 12GB สมัครกด *900*7114# สมัคร คลิก http://tmvh.co/c311 1 พ.ย. 67 - 31 ธ.ค. 67,0,1,5,1,2053,TrueMoveH,2024-11-16 07:00:00,2024-11-29 01:26:05,[],เน็ตทรู
1854701973049950236,คือเน็ตค่ายนี้เป็นเหี้ยอะไรมากปะ 2 วันละ แม่งยังเล่นไม่ได้ อีเหี้ย ทั้งเน็ตทั้งสัญญาณหีหมาสุด ๆ ด่าทุกปีไม่มีอะไรดีขึ้นเลย ควยควยควยควยควยควยควย หงุดหงิดกับเน็ตเหี้ยนี่จนจะร้องไห้อยู่ละ ปรับปรุงสักทีขอร้อง #เน็ตทรู #สัญญาณทรู,คือเน็ตค่ายนี้เป็นเหี้ยอะไรมากปะ 2 วันละ แม่งยังเล่นไม่ได้ อีเหี้ย ทั้งเน็ตทั้งสัญญาณหีหมาสุด ๆ ด่าทุกปีไม่มีอะไรดีขึ้นเลย ควยควยควยควยควยควยควย หงุดหงิดกับเน็ตเหี้ยนี่จนจะร้องไห้อยู่ละ ปรับปรุงสักทีขอร้อง,0,0,2,0,344,vuhorvl,2024-11-08 01:46:23,2024-11-29 01:26:05,"['เน็ตทรู', 'สัญญาณทรู']",เน็ตทรู
1846070803416444938,รำคาญจริงจะย้ายค่ายจริงๆละ #เน็ตทรู,รำคาญจริงจะย้ายค่ายจริงๆละ,0,1,0,0,343,onyour_palm,2024-10-15 06:09:12,2024-11-29 01:26:05,['เน็ตทรู'],เน็ตทรู
1845827653330477081,คือพวกเราต้องทำยังไงอ่ะเน็ตทรูถึงจะยอมแก้ เพราะพวกเราก็บ่นก็ทนกันมาขนาดนี้ เขาก็ควรจะรู้แล้วแต่ยังทำเป็นเงียบอีกคือ??? #เน็ตทรู,คือพวกเราต้องทำยังไงอ่ะเน็ตทรูถึงจะยอมแก้ เพราะพวกเราก็บ่นก็ทนกันมาขนาดนี้ เขาก็ควรจะรู้แล้วแต่ยังทำเป็นเงียบอีกคือ???,3,1,4,0,609,nanonicorn,2024-10-14 14:03:01,2024-11-29 01:26:05,['เน็ตทรู'],เน็ตทรู
1842120930245705959,คือน้ำก่อท่วมเน็ตยังมาตายอีกหรอ #เน็ตทรู #ทรูล่ม #เน็ตทรูล่ม #น้ําท่วมเชียงใหม่,คือน้ำก่อท่วมเน็ตยังมาตายอีกหรอ,0,0,1,0,1818,GBDJTJCGPMIj11F,2024-10-04 08:33:49,2024-11-29 01:26:05,"['เน็ตทรู', 'ทรูล่ม', 'เน็ตทรูล่ม', 'น้ําท่วมเชียงใหม่']",เน็ตทรู
1855637820599390537,คิดว่าต้องควรเปลี่ยนค่ายล่ะนะ เหอะๆๆๆ ไม่ไหวแล้วววว #เน็ตทรู,คิดว่าต้องควรเปลี่ยนค่ายล่ะนะ เหอะๆๆๆ ไม่ไหวแล้วววว,0,0,0,0,289,oaflyaway,2024-11-10 15:45:07,2024-11-29 01:26:05,['เน็ตทรู'],เน็ตทรู
1842917915798155695,ควรทำไงดี เน็ตคือ กว่าอัพแต่ละโพสต์ได้ โอ้ยยย #เน็ตทรู,ควรทำไงดี เน็ตคือ กว่าอัพแต่ละโพสต์ได้ โอ้ยยย,0,0,0,0,292,lanlaaa19,2024-10-06 13:20:45,2024-11-29 01:26:05,['เน็ตทรู'],เน็ตทรู
1858148648837960016,ขายต่อซิมเทพ ของทรูค่ะ เน็ต 15 Mpb ไม่ลดสปีด 2 ปี ราคา 2000 บาท ค่าส่ง 20 ค่าาาา #ซิมเน็ต #ส่งต่อ #เน็ตทรู,ขายต่อซิมเทพ ของทรูค่ะ เน็ต 15 Mpb ไม่ลดสปีด 2 ปี ราคา 2000 บาท ค่าส่ง 20 ค่าาาา,0,0,0,0,434,__yw_t,2024-11-17 14:02:15,2024-11-29 01:26:05,"['ซิมเน็ต', 'ส่งต่อ', 'เน็ตทรู']",เน็ตทรู
1852988897837580646,กูเกลียด #เน็ตทรู,กูเกลียด,0,3,0,0,705,yEehHl,2024-11-03 08:19:14,2024-11-29 01:26:05,['เน็ตทรู'],เน็ตทรู
1833881994834686026,กุเหนื่อยกับมึงมากนะอีสันดาน เป็นไรเอ่ยยย หมุนอยู่นั้นแหละ #เน็ตทรู,กุเหนื่อยกับมึงมากนะอีสันดาน เป็นไรเอ่ยยย หมุนอยู่นั้นแหละ,0,0,4,0,927,1992Earthh,2024-09-11 14:55:14,2024-11-29 01:26:05,['เน็ตทรู'],เน็ตทรู
1848763244791665007,กาโปกมากเสาล่มหรอกุจะบ้ส #เน็ตทรู,กาโปกมากเสาล่มหรอกุจะบ้ส,0,0,0,0,413,babynongjoy,2024-10-22 16:28:00,2024-11-29 01:26:05,['เน็ตทรู'],เน็ตทรู
1852346977566228953,กากเหมือนกุขอใช้ฟรี ตังก็จ่าย #เน็ตทรู,กากเหมือนกุขอใช้ฟรี ตังก็จ่าย,0,1,1,0,336,namjaesan,2024-11-01 13:48:29,2024-11-29 01:26:05,['เน็ตทรู'],เน็ตทรู
1835992224741683658,"MRT เวลาพีคๆ รอวนไป 3 คันแล้ว ยังไม่ได้ขึ้น ~ ดูหนัง ฟังเพลงรอจ้า #เน็ตทรู อย่างแรง ?598437 kb/s ?43433 kb/s, ? 14 ms / Mobile:TRUE-H / #iPhone13ProMax / #nPerf v2.13.9 /","MRT เวลาพีคๆ รอวนไป 3 คันแล้ว ยังไม่ได้ขึ้น ~ ดูหนัง ฟังเพลงรอจ้า  อย่างแรง ?598437 kb/s ?43433 kb/s, ? 14 ms / Mobile:TRUE-H /  /  v2.13.9 /",0,0,0,0,674,Ru_Janeeya,2024-09-17 10:40:32,2024-11-29 01:26:05,"['เน็ตทรู', 'iPhone13ProMax', 'nPerf']",เน็ตทรู
1833517654981963920,#เน็ตทรู ใช้ได้กี่โมง ล่มตั้งแต่บ่าย ลูกค้ารองานเช้าอีก @TrueMoveH,ใช้ได้กี่โมง ล่มตั้งแต่บ่าย ลูกค้ารองานเช้าอีก @TrueMoveH,2,1,0,0,890,VKhamkruea,2024-09-10 14:47:28,2024-11-29 01:26:05,['เน็ตทรู'],เน็ตทรู
1847554091179728925,#เน็ตทรู แย่มากนะ มันหลายครั้งเกินไป,แย่มากนะ มันหลายครั้งเกินไป,0,0,0,0,314,inyoure__yes,2024-10-19 08:23:15,2024-11-29 01:26:05,['เน็ตทรู'],เน็ตทรู
1834223547688124854,#ทรู #เน็ตทรู เคยพัฒนาอะไรบ้าง ชอบโดนด่าหรอ เน็ตโครตอุบาทว์,เคยพัฒนาอะไรบ้าง ชอบโดนด่าหรอ เน็ตโครตอุบาทว์,0,0,3,0,539,_kanomkkx,2024-09-12 13:32:26,2024-11-29 01:26:05,"['ทรู', 'เน็ตทรู']",เน็ตทรู
1836817702629036492,#ล่าสุด #เน็ตทรู #ตุยไปแล้วจ้าา #tuen online,online,0,0,0,0,540,Nicharas542,2024-09-19 17:20:41,2024-11-29 01:26:05,"['ล่าสุด', 'เน็ตทรู', 'ตุยไปแล้วจ้าา', 'tuen']",เน็ตทรู
1851513044888920312,#เน็ตทรู #ทรูมูฟ จะดีกี่โมง สัญญาณขึ้น1-2ขีด 2วันละ บางทีขึ้น3G จ่ายเน็ตเดือนละเกือบ600 ปรับปรุงหน่อยค่าาาาาาาา ไม่ได้มีทวิตไว้ด่าเน็ตทรูนะคะ,จะดีกี่โมง สัญญาณขึ้น1-2ขีด 2วันละ บางทีขึ้น3G จ่ายเน็ตเดือนละเกือบ600 ปรับปรุงหน่อยค่าาาาาาาา ไม่ได้มีทวิตไว้ด่าเน็ตทรูนะคะ,0,1,4,0,1898,P_chonnp,2024-10-30 06:34:44,2024-11-29 01:26:05,"['เน็ตทรู', 'ทรูมูฟ']",เน็ตทรู
1831261265097797881,#เน็ตทรู @TrueMoveH สอบถามค่ะ ถ้าจะร้องเรียนเจ้าหน้าที่ทรูที่มาหลอกขายโปรกุเกือบพันสามารถทำได้ช่องทางไหนบ้างคะนอกจาก call center อยากเดินไปถามมันมากว่าหลอกขายมากี่คนแล้ว บอกว่าซื้อโปรนี้แถมโปรอื่นฟรี แต่ความจริงมันเป็นโปรแยกมาแล้วต้องเสียเพิ่ม หรือทางทรูเทรนจนทให้หลอกลูกค้าคะ,@TrueMoveH สอบถามค่ะ ถ้าจะร้องเรียนเจ้าหน้าที่ทรูที่มาหลอกขายโปรกุเกือบพันสามารถทำได้ช่องทางไหนบ้างคะนอกจาก call center อยากเดินไปถามมันมากว่าหลอกขายมากี่คนแล้ว บอกว่าซื้อโปรนี้แถมโปรอื่นฟรี แต่ความจริงมันเป็นโปรแยกมาแล้วต้องเสียเพิ่ม หรือทางทรูเทรนจนทให้หลอกลูกค้าคะ,2,0,2,0,630,Qmct25,2024-09-04 09:21:23,2024-11-29 01:26:05,['เน็ตทรู'],เน็ตทรู
1838588992721424859,#เน็ตทรู คือใช้ไม่ได้มาสามวันละ ว่าจะยกเลิกค่ายนี้ถาวร,คือใช้ไม่ได้มาสามวันละ ว่าจะยกเลิกค่ายนี้ถาวร,0,0,0,0,310,ksj_jinnie_wwh,2024-09-24 14:39:09,2024-11-29 01:26:05,['เน็ตทรู'],เน็ตทรู
1853414837088661857,#เน็ตทรู จ่ายเงินมาเล่นค่าา ไม่ได้ไปขอเน็ตมาเล่นฟรีเนาะ จะดีกี่โมงเอ่ย???,จ่ายเงินมาเล่นค่าา ไม่ได้ไปขอเน็ตมาเล่นฟรีเนาะ จะดีกี่โมงเอ่ย???,0,0,1,0,304,Xk_Xukaiii,2024-11-04 12:31:46,2024-11-29 01:26:05,['เน็ตทรู'],เน็ตทรู
1841827024996061347,จ่ายแพงแต่เนต ใช้ไม่ได้เลย #เน็ตทรู,จ่ายแพงแต่เนต ใช้ไม่ได้เลย,0,0,0,0,385,amy_amywilk,2024-10-03 13:05:56,2024-11-29 01:26:05,['เน็ตทรู'],เน็ตทรู
1842557992723747136,#เน็ตทรู ตายหรอ ? #ทรูล่ม #เน็ตทรูล่ม กราบขอบคุณ #เน็ตais ที่ยังไม่ตายผู้ประสบภัยน้ำท่วมจะได้ติดต่อข่าวสารได้,ตายหรอ ?   กราบขอบคุณ  ที่ยังไม่ตายผู้ประสบภัยน้ำท่วมจะได้ติดต่อข่าวสารได้,0,0,2,0,1977,GBDJTJCGPMIj11F,2024-10-05 13:30:33,2024-11-29 01:26:05,"['เน็ตทรู', 'ทรูล่ม', 'เน็ตทรูล่ม', 'เน็ตais']",เน็ตทรู
1853409976620040238,#เน็ตทรู มีปัญหาอีกแล้ว,มีปัญหาอีกแล้ว,0,0,0,0,228,jelmailme,2024-11-04 12:12:27,2024-11-29 01:26:05,['เน็ตทรู'],เน็ตทรู
1854124881522339971,#เน็ตทรู ส้นตีนจริงๆ เหี้ยแบบทุเรศมาก ทำเหมือนกุขอใช้ฟรีอ่ะ เงินก็เสีย แต่ใช้เหี้ยอะไรก็ไม่ได้,ส้นตีนจริงๆ เหี้ยแบบทุเรศมาก ทำเหมือนกุขอใช้ฟรีอ่ะ เงินก็เสีย แต่ใช้เหี้ยอะไรก็ไม่ได้,0,0,0,0,448,LM_Lalisa_M,2024-11-06 11:33:14,2024-11-29 01:26:05,['เน็ตทรู'],เน็ตทรู
1859110856946254303,#เน็ตทรู หัวครวย,หัวครวย,0,0,1,0,326,ohpkod,2024-11-20 05:45:43,2024-11-29 01:26:05,['เน็ตทรู'],เน็ตทรู
1853409747409748204,#เน็ตทรู อย่าเหี้ยอิควาย,อย่าเหี้ยอิควาย,0,0,0,0,348,LM_Lalisa_M,2024-11-04 12:11:33,2024-11-29 01:26:05,['เน็ตทรู'],เน็ตทรู
1842871890496659911,#เน็ตทรู เป็นอะไรอีกกกก,เป็นอะไรอีกกกก,0,0,0,0,305,beanieblink,2024-10-06 10:17:52,2024-11-29 01:26:05,['เน็ตทรู'],เน็ตทรู
1857721065054859713,#เน็ตทรู เหี้ยอีกแล้วอิสัส พ่องตาย,เหี้ยอีกแล้วอิสัส พ่องตาย,0,0,0,0,480,LM_Lalisa_M,2024-11-16 09:43:11,2024-11-29 01:26:05,['เน็ตทรู'],เน็ตทรู
1854102520160977238,#เน็ตทรู ที่เหี้ยขนาดนี้เป็นของคุณนะ,ที่เหี้ยขนาดนี้เป็นของคุณนะ,0,1,1,0,472,LM_Lalisa_M,2024-11-06 10:04:23,2024-11-29 01:26:05,['เน็ตทรู'],เน็ตทรู
1846260245431193906,จ่ายไปตั้งเท่าไหร่ขึ้น3G กูต้องมานั่งรีเซ็ตเน็ตแม่งทุกวัน เป็นทุกๆ2ชั่วโมง แก้บ้างไอ้เหี้ยไม่ใช่ว่าบอกเป็นที่พื้นที่ @TrueMoveH #เน็ตทรู,จ่ายไปตั้งเท่าไหร่ขึ้น3G กูต้องมานั่งรีเซ็ตเน็ตแม่งทุกวัน เป็นทุกๆ2ชั่วโมง แก้บ้างไอ้เหี้ยไม่ใช่ว่าบอกเป็นที่พื้นที่ @TrueMoveH,1,11,10,1,3991,fadsweri,2024-10-15 18:41:59,2024-11-29 01:26:05,['เน็ตทรู'],เน็ตทรู
1859852150006071500,"คือรู้สึกงงกับ #เน็ตทรู มากกกกกก สัญญาณขึ้นโชว์ 5G แต่ถามว่าใช้ได้ไหม ""ไม่"" อืดสุด หมุนสุด ขึ้นerror บ้าง แต่พอเวลาแจ้งเสียไป บอกไม่พบปัญหาตลอด แล้วก็ให้คุยกับบอทอย่างเดียว คทอมันไม่ได้เป็นแค่คนเดียวอ่ะ คนอื่นก็เป็นเหมือนกัน จะบ้า ตัวเลือกก็มีน้อย","คือรู้สึกงงกับ  มากกกกกก สัญญาณขึ้นโชว์ 5G แต่ถามว่าใช้ได้ไหม ""ไม่"" อืดสุด หมุนสุด ขึ้นerror บ้าง แต่พอเวลาแจ้งเสียไป บอกไม่พบปัญหาตลอด แล้วก็ให้คุยกับบอทอย่างเดียว คทอมันไม่ได้เป็นแค่คนเดียวอ่ะ คนอื่นก็เป็นเหมือนกัน จะบ้า ตัวเลือกก็มีน้อย",0,0,4,0,285,Heven_night,2024-11-22 06:51:21,2024-11-29 01:26:05,['เน็ตทรู'],เน็ตทรู
1856095928492712420,ทำไมในเว็บทรู ชื่อโปรเน็ตที่เราสมัคร มันไม่ตรงกับชื่อโปรเน็ตที่ข้อความมันส่งมาให้เราในมือถืออ่ะ #เน็ตทรู,ทำไมในเว็บทรู ชื่อโปรเน็ตที่เราสมัคร มันไม่ตรงกับชื่อโปรเน็ตที่ข้อความมันส่งมาให้เราในมือถืออ่ะ,0,0,0,0,491,B2UTYFULI5HT,2024-11-11 22:05:28,2024-11-29 01:26:05,['เน็ตทรู'],เน็ตทรู
1846767433916600722,นอยอ่ะจะดูหนัง ทำงาน ก็ไม่ได้เลยเพราะล่มตั้งแต่เมื่อคืน แล้วที่ให้กดเว็บที่ส่งมาคิดว่ากดได้หรอ มันไม่ขึ้นไง อีกอย่างให้ส่งDMแล้วDmไม่เปิดให้ส่งจะส่งยังไงคะ พูดในใจหมดละ เห้ออออ ทำงานช้าสุดๆ ไม่งั้นถ้าเป็นงี้ ไม่นานย้ายค่ายแน่ #เน็ตทรู,นอยอ่ะจะดูหนัง ทำงาน ก็ไม่ได้เลยเพราะล่มตั้งแต่เมื่อคืน แล้วที่ให้กดเว็บที่ส่งมาคิดว่ากดได้หรอ มันไม่ขึ้นไง อีกอย่างให้ส่งDMแล้วDmไม่เปิดให้ส่งจะส่งยังไงคะ พูดในใจหมดละ เห้ออออ ทำงานช้าสุดๆ ไม่งั้นถ้าเป็นงี้ ไม่นานย้ายค่ายแน่,0,0,1,0,482,Offgunbabiipp,2024-10-17 04:17:22,2024-11-29 01:26:05,['เน็ตทรู'],เน็ตทรู
1847219074918436987,ท้อเกินคุณน้า ไวไฟเสียตั้งแต่เมื่อคืนนัดอย่างดีจะให้ช่างมาวันนี้(18/10)บ่าย3 ฉันก็ยอมซื้อเนตมือถือเพิ่มใช้ สรุปวันนี้เลยนัดก็ไม่มีใครมาจน4โมงเลยทักทรูในxถาม เจอบอกว่าระบบนัด19อิฉันงงมาก เพราะก่อนหน้ากดเข้าไปดูยังวันนี้อยู่เลย เลยโทรหาคอลเซนนี่มาจะชม.ละยังให้กูรอสาย #เน็ตทรู #ทรู,ท้อเกินคุณน้า ไวไฟเสียตั้งแต่เมื่อคืนนัดอย่างดีจะให้ช่างมาวันนี้(18/10)บ่าย3 ฉันก็ยอมซื้อเนตมือถือเพิ่มใช้ สรุปวันนี้เลยนัดก็ไม่มีใครมาจน4โมงเลยทักทรูในxถาม เจอบอกว่าระบบนัด19อิฉันงงมาก เพราะก่อนหน้ากดเข้าไปดูยังวันนี้อยู่เลย เลยโทรหาคอลเซนนี่มาจะชม.ละยังให้กูรอสาย,1,0,0,0,581,_Maysang,2024-10-18 10:12:01,2024-11-29 01:26:05,"['เน็ตทรู', 'ทรู']",เน็ตทรู
1856477509413679425,ทุกหลังเที่ยงคืน เป็นงี้มาจะ 2 อาทิตย์ละ #เน็ตทรู,ทุกหลังเที่ยงคืน เป็นงี้มาจะ 2 อาทิตย์ละ,0,0,0,0,99,P_GoodDay,2024-11-12 23:21:44,2024-11-29 01:26:05,['เน็ตทรู'],เน็ตทรู
1837077108310561004,ประสาทจะแดกล่มข้ามวันข้ามคืน สคบลงหน่อย เอาเปรียบผู้บริโภคชิบหาย #เน็ตทรู,ประสาทจะแดกล่มข้ามวันข้ามคืน สคบลงหน่อย เอาเปรียบผู้บริโภคชิบหาย,0,0,2,0,489,Pukphin,2024-09-20 10:31:28,2024-11-29 01:26:05,['เน็ตทรู'],เน็ตทรู
1843330979253100832,ผู้ประสบภัย #เน็ตทรู ท่านอื่นสถานการณ์เป็นไงกันบ้าง ทางนี้อุเกินเยียวยา,ผู้ประสบภัย  ท่านอื่นสถานการณ์เป็นไงกันบ้าง ทางนี้อุเกินเยียวยา,2,0,2,0,1139,iiNguPitt,2024-10-07 16:42:07,2024-11-29 01:26:05,['เน็ตทรู'],เน็ตทรู
1844755248809959712,มารยาทนิดนึงนะคะคุณพี่ทรู ด่าก็แล้วพูดดีก็แล้ว ช่วยแก้ไขปัญหาเน็ตกาก ๆ ทีจ้า ค่ายกากเหมือนเน็ตเบ๋อ แทนที่จะได้ใช้เน็ตเร็ว ๆ ที่เสียเงินซื้อไป เหมือนหลอกแดกอะไอสัส ขนาดนี่เติมแพ็คเกจเสริมแล้ว ใช้ได้ไม่กี่วันก็กลับมากากเหมือนเดิม ไม่รู้จะสรรหาคำไหนมาด่าละ กูนอยยยยยย #เน็ตทรู,มารยาทนิดนึงนะคะคุณพี่ทรู ด่าก็แล้วพูดดีก็แล้ว ช่วยแก้ไขปัญหาเน็ตกาก ๆ ทีจ้า ค่ายกากเหมือนเน็ตเบ๋อ แทนที่จะได้ใช้เน็ตเร็ว ๆ ที่เสียเงินซื้อไป เหมือนหลอกแดกอะไอสัส ขนาดนี่เติมแพ็คเกจเสริมแล้ว ใช้ได้ไม่กี่วันก็กลับมากากเหมือนเดิม ไม่รู้จะสรรหาคำไหนมาด่าละ กูนอยยยยยย,0,0,1,0,597,M_o_o_n05,2024-10-11 15:01:39,2024-11-29 01:26:05,['เน็ตทรู'],เน็ตทรู
1838408583517737378,มีใครอยากฟ้องบ้าง กุจะบ้าาา #เน็ตทรู,มีใครอยากฟ้องบ้าง กุจะบ้าาา,0,0,0,0,442,Pukphin,2024-09-24 02:42:16,2024-11-29 01:26:05,['เน็ตทรู'],เน็ตทรู
1843901298581876935,ทำเหี้ยไรไม่ได้สักอย่าง เสาหลังบ้านนี่มันมีปัญหาอยู่แค่เสาเดียวเนี่ย #เน็ตทรู,ทำเหี้ยไรไม่ได้สักอย่าง เสาหลังบ้านนี่มันมีปัญหาอยู่แค่เสาเดียวเนี่ย,0,0,0,0,543,Znorhbhra,2024-10-09 06:28:22,2024-11-29 01:26:05,['เน็ตทรู'],เน็ตทรู
1847144828909555897,ประชุม ๆ อยู่เน็ตหาย มันหลายรอบละ เสียการเสียงานเพราะเน็ตอุบาท ราคาที่จ่ายไปก็ไม่ใช่ถูก ๆ คนด่ากันทุกวัน พี่เคยแก้ไขอะไรบ้างมั้ยคะ #เน็ตทรู @TrueMoveH,ประชุม ๆ อยู่เน็ตหาย มันหลายรอบละ เสียการเสียงานเพราะเน็ตอุบาท ราคาที่จ่ายไปก็ไม่ใช่ถูก ๆ คนด่ากันทุกวัน พี่เคยแก้ไขอะไรบ้างมั้ยคะ  @TrueMoveH,1,0,0,0,447,ibabybog,2024-10-18 05:17:00,2024-11-29 01:26:05,['เน็ตทรู'],เน็ตทรู
1862025606076260642,ทรูก็คือสัญญาณหายไปกับลมเลยหรือไงวะ กุงงเน็ตแต่ละวันเหมือนกุใช้เสาก้างปลาอ่ะ #เน็ตทรู,ทรูก็คือสัญญาณหายไปกับลมเลยหรือไงวะ กุงงเน็ตแต่ละวันเหมือนกุใช้เสาก้างปลาอ่ะ,0,1,1,0,115,Ciellynx24,2024-11-28 06:47:53,2024-11-29 01:26:05,['เน็ตทรู'],เน็ตทรู
1846763058175398240,ทรู มึงจ้างคนมาทำงานตอบปัญหาลูกค้าเถอะ กูคุยกับอิน้องมะลิไม่รู้เรื่อง รำคาญชิบหาย ส่วนนี้อย่าใช้ ai ทำงานเลย AIS ใช้คนคุยกับลูกค้าเปล่า กุจะได้ย้ายค่าย #เน็ตทรู @true_online,ทรู มึงจ้างคนมาทำงานตอบปัญหาลูกค้าเถอะ กูคุยกับอิน้องมะลิไม่รู้เรื่อง รำคาญชิบหาย ส่วนนี้อย่าใช้ ai ทำงานเลย AIS ใช้คนคุยกับลูกค้าเปล่า กุจะได้ย้ายค่าย  @true_online,2,4,0,1,707,Jimmie_Cocoa,2024-10-17 03:59:58,2024-11-29 01:26:05,['เน็ตทรู'],เน็ตทรู
1854003523954053123,มึงเป็นเหี้ยไรมากปะอี #เน็ตทรู ค่ายเหี้ยนี่คือสิ่งที่ต่ำที่สุดในวรรณะอินเดีย ไอสังคัง หน้าเหี้ย สารเลว ทราม กูจะคุยกับเพื่อน ๆ ไอสรัส อย่าช้าให้มันมาก,มึงเป็นเหี้ยไรมากปะอี  ค่ายเหี้ยนี่คือสิ่งที่ต่ำที่สุดในวรรณะอินเดีย ไอสังคัง หน้าเหี้ย สารเลว ทราม กูจะคุยกับเพื่อน ๆ ไอสรัส อย่าช้าให้มันมาก,0,6,4,0,3253,yEehHl,2024-11-06 03:31:00,2024-11-29 01:26:05,['เน็ตทรู'],เน็ตทรู
1841425359062888507,มึงจะมีพนักงานไว้ทำไมวะ ถ้ามึงจะให้อีมะลิมาคุยขนาดนี้คือกูต้องการคุยเรื่องสำคัญนะ กูคุยกับบอทไม่รู้เรื่องสักทีเหอะ @TrueMoveH #เน็ตทรู,มึงจะมีพนักงานไว้ทำไมวะ ถ้ามึงจะให้อีมะลิมาคุยขนาดนี้คือกูต้องการคุยเรื่องสำคัญนะ กูคุยกับบอทไม่รู้เรื่องสักทีเหอะ @TrueMoveH,1,0,2,0,1455,xfucxwhale_,2024-10-02 10:29:52,2024-11-29 01:26:05,['เน็ตทรู'],เน็ตทรู
1842797159638606273,ต่อ ไลฟ์ขายของเน็ตก็กระตุก รายเดือนก็จ่ายไม่ใช่ถูกๆเลย ใช้ทรูมาทั้งชีวิตจะไปย้ายค่ายละวันนี้ ใครมีค่ายไหนแนะนำเม้นได้เลยนะคะ AIS/DTAC #เน็ตทรู #ทรู @TrueMoveH @true_online #ais #เอไอเอส #ดีแทค #dtac,ต่อ ไลฟ์ขายของเน็ตก็กระตุก รายเดือนก็จ่ายไม่ใช่ถูกๆเลย ใช้ทรูมาทั้งชีวิตจะไปย้ายค่ายละวันนี้ ใครมีค่ายไหนแนะนำเม้นได้เลยนะคะ AIS/DTAC   @TrueMoveH @true_online,1,0,2,0,2017,cupinkcakeq,2024-10-06 05:20:55,2024-11-29 01:26:05,"['เน็ตทรู', 'ทรู', 'ais', 'เอไอเอส', 'ดีแทค', 'dtac']",เน็ตทรู
1833873256069361778,ตังก็จ่าย กากเหมือนกุขอใช้เน็ตฟรีอะ #เน็ตทรู,ตังก็จ่าย กากเหมือนกุขอใช้เน็ตฟรีอะ,0,0,1,0,379,namjaesan,2024-09-11 14:20:30,2024-11-29 01:26:05,['เน็ตทรู'],เน็ตทรู
1841764829817929993,ช่วยทำไรสักอย่างให้กูที สุดจะทน ชาติหน้ากุขอให้มึงไม่มีเน็ตเล่นไอ้เวร ฮ่วยยย #เน็ตทรู,ช่วยทำไรสักอย่างให้กูที สุดจะทน ชาติหน้ากุขอให้มึงไม่มีเน็ตเล่นไอ้เวร ฮ่วยยย,0,0,2,0,379,M_o_o_n05,2024-10-03 08:58:48,2024-11-29 01:26:05,['เน็ตทรู'],เน็ตทรู
1842749617294958793,"รอบที่แล้วเน็นล่ม no internet , เหลือ 3G 1 ขีด เป็นอยู่ 13 วันเต็มๆ ถามอะไรไปได้แต่คำตอบเดิมๆ จะย้ายค่ายก็ไม่ยอมให้ย้ายง่ายๆ นี่ล่มแค่รัศมีหมู่บ้านจัดสรร 1 กิโลยังใช้เวลาแก้ขนาดนี้ พึ่งจะใช้ได้วันที่ 28 ที่ผ่านมา วันนี้เอาอีกละ #เน็ตทรู","รอบที่แล้วเน็นล่ม no internet , เหลือ 3G 1 ขีด เป็นอยู่ 13 วันเต็มๆ ถามอะไรไปได้แต่คำตอบเดิมๆ จะย้ายค่ายก็ไม่ยอมให้ย้ายง่ายๆ นี่ล่มแค่รัศมีหมู่บ้านจัดสรร 1 กิโลยังใช้เวลาแก้ขนาดนี้ พึ่งจะใช้ได้วันที่ 28 ที่ผ่านมา วันนี้เอาอีกละ",0,0,1,0,602,Znorhbhra,2024-10-06 02:12:00,2024-11-29 01:26:05,['เน็ตทรู'],เน็ตทรู
1836838953540059348,ช่วงนี้เน็ตทรูเป็นอะไร แต่ก่อนใช้โปร150ต่อเดือนยังไม่กากขนาดนี้ นี่เปลี่ยนมาใช้แพงขึ้น แต่สภาพเน็ตคือแย่มาก เล่นเกมก็999+ ตลอด แล้วคือคลื่น3ขีดนะ ไม่ได้อยู่ชนบทด้วย ยังเป็นขนาดนี้เลย โครตนอย #เน็ตทรู,ช่วงนี้เน็ตทรูเป็นอะไร แต่ก่อนใช้โปร150ต่อเดือนยังไม่กากขนาดนี้ นี่เปลี่ยนมาใช้แพงขึ้น แต่สภาพเน็ตคือแย่มาก เล่นเกมก็999+ ตลอด แล้วคือคลื่น3ขีดนะ ไม่ได้อยู่ชนบทด้วย ยังเป็นขนาดนี้เลย โครตนอย,0,0,1,0,752,Ponyintheroom,2024-09-19 18:45:07,2024-11-29 01:26:05,['เน็ตทรู'],เน็ตทรู
1837846232280002724,ย้ายค่ายแหละ อุเกินนนน #เน็ตทรู,ย้ายค่ายแหละ อุเกินนนน,0,0,0,0,372,forforislove,2024-09-22 13:27:41,2024-11-29 01:26:05,['เน็ตทรู'],เน็ตทรู
1845156177077993607,ย้ายมา ฟินโมบาย เน็ตแรงมาก เสียอย่างเดียวเสาทรู เหมือนเดิม ควยเอ้ย #เน็ตทรู,ย้ายมา ฟินโมบาย เน็ตแรงมาก เสียอย่างเดียวเสาทรู เหมือนเดิม ควยเอ้ย,0,0,0,1,435,nobi3318,2024-10-12 17:34:48,2024-11-29 01:26:05,['เน็ตทรู'],เน็ตทรู
1836331778409402545,ย้ายจากค่ายเขียวมาใข้เน็ตค่ายเหี้ยนี่ปีกว่ากูบอกเลยเน็ตเหี้ยทุกเดือนมันจะมีวันที่อยู่ๆก็ส้นตีนห่าเหวขึ้นมาเองงงๆบางซึ่งกูงงมากว่าเป็นเหี้ยอะไรเสาสัญญาณไม่พอก็ไม่ซื้อใหม่นะอัดเสานึงใช้ทั้งอำเภอมั้งอีดอกทองราคาเน็ตนี่แพงชิบหายส่วนคุณภาพเหี้ยชิบหาย #เน็ตทรู,ย้ายจากค่ายเขียวมาใข้เน็ตค่ายเหี้ยนี่ปีกว่ากูบอกเลยเน็ตเหี้ยทุกเดือนมันจะมีวันที่อยู่ๆก็ส้นตีนห่าเหวขึ้นมาเองงงๆบางซึ่งกูงงมากว่าเป็นเหี้ยอะไรเสาสัญญาณไม่พอก็ไม่ซื้อใหม่นะอัดเสานึงใช้ทั้งอำเภอมั้งอีดอกทองราคาเน็ตนี่แพงชิบหายส่วนคุณภาพเหี้ยชิบหาย,2,0,2,0,619,iamamip,2024-09-18 09:09:48,2024-11-29 01:26:05,['เน็ตทรู'],เน็ตทรู
1850977521208345079,ต้องหลุดทุกวัน? วันละกี่รอบ? จะบ้าาาา หัวจะปวดดด หมดสัญญาเมื่อไหร่ย้ายหนีแน่ #เน็ตทรู,ต้องหลุดทุกวัน? วันละกี่รอบ? จะบ้าาาา หัวจะปวดดด หมดสัญญาเมื่อไหร่ย้ายหนีแน่,0,0,1,0,328,Alascivious,2024-10-28 19:06:45,2024-11-29 01:26:05,['เน็ตทรู'],เน็ตทรู
1764699469105553496,#เน็ตais เหี้ยมาก #เน็ตเอไอเอส เหี้ยมากมากกก,เหี้ยมาก  เหี้ยมากมากกก,0,2,1,0,1234,0range_0rganic,2024-03-04 17:08:34,2024-11-29 01:26:32,"['เน็ตais', 'เน็ตเอไอเอส']",เน็ตเอไอเอส
1640948608521367552,หลุดดีจังนะ เวลาสำคัญๆต้องส่งงานเนี่ย #เน็ตเอไอเอส,หลุดดีจังนะ เวลาสำคัญๆต้องส่งงานเนี่ย,0,0,0,0,63,Kit78065566,2023-03-29 05:26:50,2024-11-29 01:26:32,['เน็ตเอไอเอส'],เน็ตเอไอเอส
1633319305654968320,ปิงสูงขนาดนี้ เล่นยังไงก็ตาย #เน็ตเอไอเอส,ปิงสูงขนาดนี้ เล่นยังไงก็ตาย,0,1,1,0,500,pronpimonsimala,2023-03-08 04:10:42,2024-11-29 01:26:32,['เน็ตเอไอเอส'],เน็ตเอไอเอส
1689854598188781568,โปรใหม่มาเเล้วว Ais 5GMAX สมัครเเพ็กเกจ 499.- ขึ้นไปรับสิทธิ์ชม #ดิสนีย์พลัสพรีเมียม 1ปี!!! #เน็ตเอไอเอส #เน็ตวันทูคอล #ดิสนีย์พลัสราคาถูก #เน็ต5G #เน็ตไม่ลดสปีด,โปรใหม่มาเเล้วว Ais 5GMAX สมัครเเพ็กเกจ 499.- ขึ้นไปรับสิทธิ์ชม  1ปี!!!,0,1,1,1,2085,1stTongna,2023-08-11 04:21:46,2024-11-29 01:26:32,"['ดิสนีย์พลัสพรีเมียม', 'เน็ตเอไอเอส', 'เน็ตวันทูคอล', 'ดิสนีย์พลัสราคาถูก', 'เน็ต5G', 'เน็ตไม่ลดสปีด']",เน็ตเอไอเอส
1732310066135806236,ส่งต่อ ซิมเทพ AISความเร็วเน็ตสูงสุด : 15Mbps ปริมาณการใช้งานเน็ต: 100GB/เดือน สนใจอินบล็อกมาได้เลยนะคะ #ซิมเทพ #เน็ตเอไอเอส #ais #simเทพ #ซิมเอไอเอส #ais,ส่งต่อ ซิมเทพ AISความเร็วเน็ตสูงสุด : 15Mbps ปริมาณการใช้งานเน็ต: 100GB/เดือน สนใจอินบล็อกมาได้เลยนะคะ,4,0,1,0,828,Nut24K,2023-12-06 08:04:39,2024-11-29 01:26:32,"['ซิมเทพ', 'เน็ตเอไอเอส', 'ais', 'simเทพ', 'ซิมเอไอเอส', 'ais']",เน็ตเอไอเอส
1623632941183283206,พอแอปหายล่ม เน็ตพี่ก็อาการกำเริบเลยหรอคะ เอาดีให้ได้สักอย่างสิ #เน็ตเอไอเอส,พอแอปหายล่ม เน็ตพี่ก็อาการกำเริบเลยหรอคะ เอาดีให้ได้สักอย่างสิ,0,0,0,0,134,Iam46216488,2023-02-09 10:40:33,2024-11-29 01:26:32,['เน็ตเอไอเอส'],เน็ตเอไอเอส
1640602403954368512,สมัครเน็ตบ้าน เร็ว แรง 399 บาท/เดือน #โปรเน็ตAis #เน็ตเอไอเอส,สมัครเน็ตบ้าน เร็ว แรง 399 บาท/เดือน,0,0,2,0,2432,12callnetpro,2023-03-28 06:31:08,2024-11-29 01:26:32,"['โปรเน็ตAis', 'เน็ตเอไอเอส']",เน็ตเอไอเอส
1787849191605375394,ไม่รู้คิดไปเองหรือคนอื่นก็เป็น ตั้งแต่ต้นเดือนคือเน็ตเอไอเอสช้ามาก ช้าเหี้ยๆ ช้าแบบดูซีรี่ย์ไม่สนุกเลย มันขัดอารมณ์มาก จะบอกเป็นเพราะโปรเน็ตก็ไม่ได้นะ ยังไม่ถุงวันตัดระบบเลยแกร งง ใครเป็นบ้าง #เน็ตเอไอเอส #netais #AIS,ไม่รู้คิดไปเองหรือคนอื่นก็เป็น ตั้งแต่ต้นเดือนคือเน็ตเอไอเอสช้ามาก ช้าเหี้ยๆ ช้าแบบดูซีรี่ย์ไม่สนุกเลย มันขัดอารมณ์มาก จะบอกเป็นเพราะโปรเน็ตก็ไม่ได้นะ ยังไม่ถุงวันตัดระบบเลยแกร งง ใครเป็นบ้าง,1,0,0,0,654,sunsetwithu365,2024-05-07 14:17:18,2024-11-29 01:26:32,"['เน็ตเอไอเอส', 'netais', 'AIS']",เน็ตเอไอเอส
1687785552068874240,โปรเน็ต ?????? ไม่ลดสปีด #net #เน็ตaisซิมใหม่ #เน็ตaisไม่ลดสปีด #เน็ตวันทูคอล #AIS5G #เน็ตไม่อั้นไม่ลดสปีด #เน็ตไม่อั้น #เน็ตฟลิกซ์ #เน็ตเอไอเอส #เน็ตมือถือ #เน็ตais #ais #Ais #เน็ตไม่ลดสปีด #วันทูคอล #เน็ตฟลิกซ์ไทย #โปรเน็ตais #สมัครเน็ต #TwitterX #วอลเลย์บอลหญิง,โปรเน็ต ?????? ไม่ลดสปีด,0,1,2,0,1614,netais_,2023-08-05 11:20:07,2024-11-29 01:26:32,"['net', 'เน็ตaisซิมใหม่', 'เน็ตaisไม่ลดสปีด', 'เน็ตวันทูคอล', 'AIS5G', 'เน็ตไม่อั้นไม่ลดสปีด', 'เน็ตไม่อั้น', 'เน็ตฟลิกซ์', 'เน็ตเอไอเอส', 'เน็ตมือถือ', 'เน็ตais', 'ais', 'Ais', 'เน็ตไม่ลดสปีด', 'วันทูคอล', 'เน็ตฟลิกซ์ไทย', 'โปรเน็ตais', 'สมัครเน็ต', 'TwitterX', 'วอลเลย์บอลหญิง']",เน็ตเอไอเอส
1846355256973942956,#เน็ตเอไอเอส เป็นอะไร คือตัดเงินไปแล้วใช้ไม่ได้,เป็นอะไร คือตัดเงินไปแล้วใช้ไม่ได้,0,0,0,0,59,KimMulli,2024-10-16 00:59:31,2024-11-29 01:26:32,['เน็ตเอไอเอส'],เน็ตเอไอเอส
1693913979079602644,เน็ตช้าจนคิดว่าลืมจ่ายค่าเน็ต ช้าจนนึกว่าใช้ ความเร็ว 512kbps ทั้งๆที่ใช้ 10 Mbps อะ แม่งเอ้ย #AIS #เน็ตเอไอเอส,เน็ตช้าจนคิดว่าลืมจ่ายค่าเน็ต ช้าจนนึกว่าใช้ ความเร็ว 512kbps ทั้งๆที่ใช้ 10 Mbps อะ แม่งเอ้ย,0,0,0,0,320,audrey_hargen,2023-08-22 09:12:18,2024-11-29 01:26:32,"['AIS', 'เน็ตเอไอเอส']",เน็ตเอไอเอส
1647485369720647680,#เน็ตเอไอเอส เหี้ยมากหมุนจนกุท้อ หงุดหงิดชิปหาย,เหี้ยมากหมุนจนกุท้อ หงุดหงิดชิปหาย,0,0,0,0,101,xa_chil,2023-04-16 06:21:35,2024-11-29 01:26:32,['เน็ตเอไอเอส'],เน็ตเอไอเอส
1664665681600577538,ชักจะเอาใหญ่ละนะครบอาทิตย์ที่ทนกะเน็ตควายๆ ฟ้องสคบดีมะ เอาเปรียบผู้บริโภคเน็ต อันลิมิตเต็ตเซเรเนตยังหมุนติ้วๆ ข้อมูล ค่าโทร ล่า สุด215 ครบ250ทั้งๆที่ไม่เคยโทรงงมะ #เน็ตais #เน็ตเอไอเอส #aisthailand,ชักจะเอาใหญ่ละนะครบอาทิตย์ที่ทนกะเน็ตควายๆ ฟ้องสคบดีมะ เอาเปรียบผู้บริโภคเน็ต อันลิมิตเต็ตเซเรเนตยังหมุนติ้วๆ ข้อมูล ค่าโทร ล่า สุด215 ครบ250ทั้งๆที่ไม่เคยโทรงงมะ,1,0,0,0,3611,Edokyaryer,2023-06-02 16:10:01,2024-11-29 01:26:32,"['เน็ตais', 'เน็ตเอไอเอส', 'aisthailand']",เน็ตเอไอเอส
1766529524219650234,เน็ตAISเหี้ยมากเหี้ยมาหลายวันแล้วมึงช่วยแรงให้สมกับที่เป็น5Gที จ่ายตั้งแพงจะแรงให้กูกี่โมงอีห่า กินแต่เงินอย่างเดียวเลยไง ปรับปรุงเถอะ อย่ามองข้าม เหมือนใช้เน็ต1Mbpsอะสภาพมาก#AIS #เน็ตเอไอเอส #เน็ตกาก,เน็ตAISเหี้ยมากเหี้ยมาหลายวันแล้วมึงช่วยแรงให้สมกับที่เป็น5Gที จ่ายตั้งแพงจะแรงให้กูกี่โมงอีห่า กินแต่เงินอย่างเดียวเลยไง ปรับปรุงเถอะ อย่ามองข้าม เหมือนใช้เน็ต1Mbpsอะสภาพมาก,1,0,1,0,239,wing559977,2024-03-09 18:20:33,2024-11-29 01:26:32,"['AIS', 'เน็ตเอไอเอส', 'เน็ตกาก']",เน็ตเอไอเอส
1653052012693692419,จ่ายเดือนละตั้งหชายบาทเน็ตฟลิกยังดูไม่ได้ กุงึด ทุกเดือนต้องมาซื้อความเร็วเน็ตเพิ่มอีกมันใช่เรื่องไหม #เน็ตเอไอเอส,จ่ายเดือนละตั้งหชายบาทเน็ตฟลิกยังดูไม่ได้ กุงึด ทุกเดือนต้องมาซื้อความเร็วเน็ตเพิ่มอีกมันใช่เรื่องไหม,0,0,0,0,159,alittlePP15,2023-05-01 15:01:26,2024-11-29 01:26:32,['เน็ตเอไอเอส'],เน็ตเอไอเอส
1788862558839169213,เน็ตAISคือออออออ เป็นไีรรรรร สัญญาญคือหายไปเลย #เน็ตล่ม #เน็ตเอไอเอส #ais,เน็ตAISคือออออออ เป็นไีรรรรร สัญญาญคือหายไปเลย,5,5,6,0,1929,ziinawaporn,2024-05-10 09:24:04,2024-11-29 01:26:32,"['เน็ตล่ม', 'เน็ตเอไอเอส', 'ais']",เน็ตเอไอเอส
1615921316405866502,เน็ตAIS ขึ้น H+ ไม่มีสัญญาณแล้วก็ล่มบ่อยมาก 1อาทิตย์ล่มไปแล้ว99รอบ ไม่รู้เกิดจากอะไร เราอยู่ตัวเมืองโคราช มีใครเป็นไหมคะ แล้วต้องทำไงอ่าาาาาาาา #เน็ตเอไอเอส #เน็ตAIS #AIS #aisล่ม,เน็ตAIS ขึ้น H+ ไม่มีสัญญาณแล้วก็ล่มบ่อยมาก 1อาทิตย์ล่มไปแล้ว99รอบ ไม่รู้เกิดจากอะไร เราอยู่ตัวเมืองโคราช มีใครเป็นไหมคะ แล้วต้องทำไงอ่าาาาาาาา,0,0,0,0,1737,memories_999,2023-01-19 03:57:18,2024-11-29 01:26:32,"['เน็ตเอไอเอส', 'เน็ตAIS', 'AIS', 'aisล่ม']",เน็ตเอไอเอส
1674686048193101828,เน็ต ais ไม่อั้นไม่ลดสปีด ปี 2566 #AIS เน็ตAIS #net #เน็ตaisซิมใหม่ #เน็ตaisไม่ลดสปีด #เน็ตAIS #เน็ตวันทูคอล #AIS5G #เน็ตไม่อั้นไม่ลดสปีด #เน็ตไม่อั้น #โปรเน็ตais #เน็ตฟลิกซ์ #เน็ตเอไอเอส #เน็ตมือถือ #เน็ตais #ais #Ais #เน็ตไม่ลดสปีด #วันทูคอล #AISFibre #AISPLAY #เน็ตฟลิกซ์ไทย,เน็ต ais ไม่อั้นไม่ลดสปีด ปี 2566  เน็ตAIS,0,0,1,0,262,TANTAWAN014849,2023-06-30 07:47:22,2024-11-29 01:26:32,"['AIS', 'net', 'เน็ตaisซิมใหม่', 'เน็ตaisไม่ลดสปีด', 'เน็ตAIS', 'เน็ตวันทูคอล', 'AIS5G', 'เน็ตไม่อั้นไม่ลดสปีด', 'เน็ตไม่อั้น', 'โปรเน็ตais', 'เน็ตฟลิกซ์', 'เน็ตเอไอเอส', 'เน็ตมือถือ', 'เน็ตais', 'ais', 'Ais', 'เน็ตไม่ลดสปีด', 'วันทูคอล', 'AISFibre', 'AISPLAY', 'เน็ตฟลิกซ์ไทย']",เน็ตเอไอเอส
1825812966958313933,คือไรอ่ะ มีใครเป็นมั้ย จะกรี๊ดดดดดดดดด แล้วทำงานไว้เน็ตตัดงานstopหมดเลย #ais #Aisfiber #เอไอเอส #เน็ตเอไอเอส,คือไรอ่ะ มีใครเป็นมั้ย จะกรี๊ดดดดดดดดด แล้วทำงานไว้เน็ตตัดงานstopหมดเลย,1,2,0,0,1703,Ketsara71095513,2024-08-20 08:31:47,2024-11-29 01:26:32,"['ais', 'Aisfiber', 'เอไอเอส', 'เน็ตเอไอเอส']",เน็ตเอไอเอส
1620664619722498048,เน็ตล่มหรือเป็นที่โทรศัพท์เราอะ เน็ตไม่โหลดเลย #เน็ตเอไอเอส #aisล่ม,เน็ตล่มหรือเป็นที่โทรศัพท์เราอะ เน็ตไม่โหลดเลย,2,0,1,0,3362,mickydanc,2023-02-01 06:05:30,2024-11-29 01:26:32,"['เน็ตเอไอเอส', 'aisล่ม']",เน็ตเอไอเอส
1862170683675206017,ขึ้น 5G ด้วยนะ นี่ขนาดแค่จะเช็คความเร็วแต่หมุนไม่หยุด สภาพค่าเน็ตเดือนละพัน #เน็ตค่ายเขียว #เน็ตเอไอเอส #เน็ตais,ขึ้น 5G ด้วยนะ นี่ขนาดแค่จะเช็คความเร็วแต่หมุนไม่หยุด สภาพค่าเน็ตเดือนละพัน,1,0,0,0,17,deepfriedjpfood,2024-11-28 16:24:23,2024-11-29 01:26:32,"['เน็ตค่ายเขียว', 'เน็ตเอไอเอส', 'เน็ตais']",เน็ตเอไอเอส
1704135326128570400,เน็ตเอไอเอสคือช้ามากนะ #เน็ตเอไอเอส #AIS,เน็ตเอไอเอสคือช้ามากนะ,0,0,0,0,362,TaaChikkidown,2023-09-19 14:08:17,2024-11-29 01:26:32,"['เน็ตเอไอเอส', 'AIS']",เน็ตเอไอเอส
1740910385774125226,เน็ตเอไอเอสเป็นไรมากมั้ยยยยย ช้ามากกกกก เติมเน็ตเดือนนึงก็แพงกว่าคนอื่นเค้า แล้วยังช้าขนาดนี้ ดูยูทูปยังติด รูปภาพก็โหลดไม่ขึ้น ฟัคคคคค #AIS #เน็ตเอไอเอส @AIS_Thailand,เน็ตเอไอเอสเป็นไรมากมั้ยยยยย ช้ามากกกกก เติมเน็ตเดือนนึงก็แพงกว่าคนอื่นเค้า แล้วยังช้าขนาดนี้ ดูยูทูปยังติด รูปภาพก็โหลดไม่ขึ้น ฟัคคคคค   @AIS_Thailand,1,1,4,0,571,jannnnne__,2023-12-30 01:39:15,2024-11-29 01:26:32,"['AIS', 'เน็ตเอไอเอส']",เน็ตเอไอเอส
1640575453210763267,เน็ตเอไอเอสเป็นไรวะจาก4Gตอนนี้ขึ้น3G แถมยังเล่นไม่ได้อีก เหี้ยมากกก #เน็ตเอไอเอส #เน็ตAis,เน็ตเอไอเอสเป็นไรวะจาก4Gตอนนี้ขึ้น3G แถมยังเล่นไม่ได้อีก เหี้ยมากกก,0,4,2,0,2902,kaen_phassr,2023-03-28 04:44:03,2024-11-29 01:26:32,"['เน็ตเอไอเอส', 'เน็ตAis']",เน็ตเอไอเอส
1712084302648021303,เน็ตไม่อั้นไม่ลดสปีด ปี 2566 เน็ตเอไอเอส-วันทูคอลยอดนิยม สมัครได้ทุกซิม AIS-12call #net #เน็ตaisซิมใหม่ #เน็ตaisไม่ลดสปีด #เน็ตAIS #เน็ตวันทูคอล #AIS5G #เน็ตไม่อั้นไม่ลดสปีด #เน็ตไม่อั้น #เน็ตบ้าน #เน็ตฟลิกซ์ #เน็ตเอไอเอส #เน็ตมือถือ #เน็ตais #ais #Ais #เน็ตไม่ลดสปีด,เน็ตไม่อั้นไม่ลดสปีด ปี 2566 เน็ตเอไอเอส-วันทูคอลยอดนิยม สมัครได้ทุกซิม AIS-12call,0,3,4,1,4202,netais_,2023-10-11 12:34:41,2024-11-29 01:26:32,"['net', 'เน็ตaisซิมใหม่', 'เน็ตaisไม่ลดสปีด', 'เน็ตAIS', 'เน็ตวันทูคอล', 'AIS5G', 'เน็ตไม่อั้นไม่ลดสปีด', 'เน็ตไม่อั้น', 'เน็ตบ้าน', 'เน็ตฟลิกซ์', 'เน็ตเอไอเอส', 'เน็ตมือถือ', 'เน็ตais', 'ais', 'Ais', 'เน็ตไม่ลดสปีด']",เน็ตเอไอเอส
1776404140903813348,เน็ตไม่อั้นไม่ลดสปีด ปี 2567 #net #เน็ตaisซิมใหม่ #เน็ตaisไม่ลดสปีด #เน็ตAIS #เน็ตวันทูคอล #AIS5G #เน็ตไม่อั้นไม่ลดสปีด #เน็ตไม่อั้น #โปรเน็ตais #เน็ตฟลิกซ์ #เน็ตเอไอเอส #เน็ตais #ais #Ais #เน็ตไม่ลดสปีด #วันทูคอล #AISFibre #AISPLAY #เน็ตฟลิกซ์ไทย #พีพีกฤษฏ์ #บิวจักรพันธ์,เน็ตไม่อั้นไม่ลดสปีด ปี 2567,0,1,1,0,932,TANTAWAN014849,2024-04-06 00:18:45,2024-11-29 01:26:32,"['net', 'เน็ตaisซิมใหม่', 'เน็ตaisไม่ลดสปีด', 'เน็ตAIS', 'เน็ตวันทูคอล', 'AIS5G', 'เน็ตไม่อั้นไม่ลดสปีด', 'เน็ตไม่อั้น', 'โปรเน็ตais', 'เน็ตฟลิกซ์', 'เน็ตเอไอเอส', 'เน็ตais', 'ais', 'Ais', 'เน็ตไม่ลดสปีด', 'วันทูคอล', 'AISFibre', 'AISPLAY', 'เน็ตฟลิกซ์ไทย', 'พีพีกฤษฏ์', 'บิวจักรพันธ์']",เน็ตเอไอเอส
1836794565094932830,เน็ตไม่อั้นไม่ลดสปีด ปี 2567 เน็ตAISยอดนิยม #net #เน็ตaisซิมใหม่ #เน็ตaisไม่ลดสปีด #เน็ตAIS #เน็ตวันทูคอล #AIS5G #เน็ตไม่อั้นไม่ลดสปีด #เน็ตไม่อั้น #โปรเน็ตais #เน็ตฟลิกซ์ #เน็ตเอไอเอส #เน็ตมือถือ #เน็ตais #ais #Ais #เน็ตไม่ลดสปีด #วันทูคอล #AISFibre #AISPLAY #เน็ตฟลิกซ์ไทย,เน็ตไม่อั้นไม่ลดสปีด ปี 2567 เน็ตAISยอดนิยม,0,0,0,0,896,netais_,2024-09-19 15:48:44,2024-11-29 01:26:32,"['net', 'เน็ตaisซิมใหม่', 'เน็ตaisไม่ลดสปีด', 'เน็ตAIS', 'เน็ตวันทูคอล', 'AIS5G', 'เน็ตไม่อั้นไม่ลดสปีด', 'เน็ตไม่อั้น', 'โปรเน็ตais', 'เน็ตฟลิกซ์', 'เน็ตเอไอเอส', 'เน็ตมือถือ', 'เน็ตais', 'ais', 'Ais', 'เน็ตไม่ลดสปีด', 'วันทูคอล', 'AISFibre', 'AISPLAY', 'เน็ตฟลิกซ์ไทย']",เน็ตเอไอเอส
1788863086470001102,ทำไม #เน็ตเอไอเอส #ais ลงเหลือ 3G ?,ทำไม   ลงเหลือ 3G ?,4,6,11,0,3890,mondaymay_,2024-05-10 09:26:09,2024-11-29 01:26:32,"['เน็ตเอไอเอส', 'ais']",เน็ตเอไอเอส
1765041300402020466,กูดูอะไรไม่ได้เลย #เน็ตเอไอเอส,กูดูอะไรไม่ได้เลย,0,0,1,0,188,GSiwaluk,2024-03-05 15:46:53,2024-11-29 01:26:32,['เน็ตเอไอเอส'],เน็ตเอไอเอส
1664288174208876546,เพื่อนๆ ช่วยกันทวิตให้โลกรู้จะได้แก้ปัญหา เน็ตเอไอเอส เลี้ยมาก อุดร กากสัส ขนาดใช้เซเรเนดโกล หมุนติ้วๆ มา15นาทีละ #เน็ตเอไอเอส #สัญญาณเอไอเอส #aisสัญญาณเน็ตเน่า,เพื่อนๆ ช่วยกันทวิตให้โลกรู้จะได้แก้ปัญหา เน็ตเอไอเอส เลี้ยมาก อุดร กากสัส ขนาดใช้เซเรเนดโกล หมุนติ้วๆ มา15นาทีละ,0,0,0,0,278,Edokyaryer,2023-06-01 15:09:56,2024-11-29 01:26:32,"['เน็ตเอไอเอส', 'สัญญาณเอไอเอส', 'aisสัญญาณเน็ตเน่า']",เน็ตเอไอเอส
1735344035274088582,ช่วงนี่เน็ตบ้านของเอไอเอสคือช้ามาก โหลดอะไรคือช้าไปหมดเลย ไม่ได้ลดสปีดอะไรด้วย เป็นท้อ #เน็ตเอไอเอส,ช่วงนี่เน็ตบ้านของเอไอเอสคือช้ามาก โหลดอะไรคือช้าไปหมดเลย ไม่ได้ลดสปีดอะไรด้วย เป็นท้อ,0,0,0,0,676,JSJ960926,2023-12-14 17:00:33,2024-11-29 01:26:32,['เน็ตเอไอเอส'],เน็ตเอไอเอส
1701957294899040571,แม่หนูเบื่อ #เน็ตเอไอเอส แล้วอะแง คือมันเป็นที่เครื่องกูหรอ ปกติมันก็ไม่มีปัญหาอ่า ละมะกี้พนักงานบอกให้กูรีเซ็ตสถิติ มันคือแค่สถิติปะวะ ไม่ใช่สัญญาณงะ,แม่หนูเบื่อ  แล้วอะแง คือมันเป็นที่เครื่องกูหรอ ปกติมันก็ไม่มีปัญหาอ่า ละมะกี้พนักงานบอกให้กูรีเซ็ตสถิติ มันคือแค่สถิติปะวะ ไม่ใช่สัญญาณงะ,1,1,0,0,211,Koonjackfruit,2023-09-13 13:53:34,2024-11-29 01:26:32,['เน็ตเอไอเอส'],เน็ตเอไอเอส
1788869619366986096,#Ais เน็ตเป็นไร เครื่อง iPhone ไม่มีบริการ Android หายไปสักพักแล้วใช้ได้แต่กาก #เน็ตเอไอเอส ปล่อยให้ สัญญาณหายนานขนาดนี้ได้ไง,เน็ตเป็นไร เครื่อง iPhone ไม่มีบริการ Android หายไปสักพักแล้วใช้ได้แต่กาก  ปล่อยให้ สัญญาณหายนานขนาดนี้ได้ไง,0,1,0,0,235,Hathaiwan_Sk,2024-05-10 09:52:07,2024-11-29 01:26:32,"['Ais', 'เน็ตเอไอเอส']",เน็ตเอไอเอส
